name,symbol,sector,
AdvisorShares Accuvest Mars Hill Global Relative Value ETF,AGLS,US Asset Allocation ETF,
AdvisorShares Active Bear ETF,HDGE,US Equity ETF,
AdvisorShares Athena High Dividend ETF,DIVI,Global Equity ETF,
AdvisorShares Cambria Global Tactical ETF,GTAA,US Asset Allocation ETF,
AdvisorShares EquityPro ETF,EPRO,Global Equity ETF,
AdvisorShares Gartman Gold/Euro ETF,GEUR,Commodity Based ETF,
AdvisorShares Gartman Gold/Yen ETF,GYEN,Commodity Based ETF,
AdvisorShares Global Echo ETF,GIVE,US Asset Allocation ETF,
AdvisorShares Madrona Forward Domestic ETF,FWDD,US Equity ETF,
AdvisorShares Madrona Forward Global Bond ETF,FWDB,US Asset Allocation ETF,
AdvisorShares Madrona Forward International ETF,FWDI,Global Equity ETF,
AdvisorShares Meidell Tactical Advantage ETF,MATH,US Asset Allocation ETF,
AdvisorShares Newfleet Multi-Sector Income ETF,MINC,US Fixed Income ETF,
AdvisorShares Pacific Asst Enh Fl Rt ETF,FLRT,US Fixed Income ETF,
AdvisorShares Peritus High Yield ETF,HYLD,US Fixed Income ETF,
AdvisorShares Pring Turner Business Cycle ETF,DBIZ,US Asset Allocation ETF,
AdvisorShares QAM Equity Hedge ETF,QEH,US Asset Allocation ETF,
AdvisorShares Sage Core Reserves ETF,HOLD,US Fixed Income ETF,
AdvisorShares Snrse Glbl Multi-Strat ETF,MULT,Global Equity ETF,
AdvisorShares STAR Global Buy-Write ETF,VEGA,US Equity ETF,
AdvisorShares TrimTabs Float Shrink ETF,TTFS,US Equity ETF,
AdvisorShares WCM/BNY Mellon Focused Growth ADR ETF,AADR,Global Equity ETF,
AdvisorShares YieldPro ETF,YPRO,US Fixed Income ETF,
AlphaClone Alternative Alpha ETF,ALFA,Commodity Based ETF,
AlphaMark Actively Managed Small Cap ETF,SMCP,US Equity ETF,
ALPS Alerian Energy Infrastructure ETF,ENFR,US Fixed Income ETF,
ALPS Alerian MLP ETF,AMLP,US Equity ETF,
ALPS Emerging Sector Dividend Dogs ETF,EDOG,Global Equity ETF,
ALPS Equal Sector Weight ETF,EQL,Asset Allocation ETF,
ALPS Global Commodity Equity ETF,CRBQ,Global Equity ETF,
ALPS International Sector Div Dogs ETF,IDOG,Global Equity ETF,
ALPS Medical Breakthroughs ETF,SBIO,US Equity ETF,
ALPS RiverFront Strategic Income ETF,RIGS,US Fixed Income ETF,
ALPS Sector Dividend Dogs ETF,SDOG,US Equity ETF,
ALPS STOXX Europe 600 ETF,STXX,Global Equity ETF,
ALPS US Equity High Volatility Put Write ETF,HVPW,US Equity Income ETF,
ALPS Workplace Equality ETF,EQLT,Global Equity ETF,
Ark Genomic Revolution Multi-Sector ETF,ARKG,US Equity ETF,
Ark Industrial Innovation ETF,ARKQ,US Equity ETF,
Ark Innovation ETF,ARKK,US Equity ETF,
Ark Web x.0 ETF,ARKW,US Equity ETF,
Arrow Dow Jones Global Yield ETF,GYLD,Global Equity ETF,
Arrow DWA Tactical ETF,DWAT,Asset Allocation ETF,
Arrow QVM Equity Factor ETF,QVM,US Equity ETF,
BioShares™ Biotechnology Clinical Trials,BBC,US Equity ETF,
BioShares™ Biotechnology Products,BBP,US Equity ETF,
Calamos Focus Growth ETF,CFGE,US Equity ETF,
Cambria Foreign Shareholder Yield ETF,FYLD,Global Equity ETF,
Cambria Global Asset Allocation ETF,GAA,Asset Allocation ETF,
Cambria Global Momentum ETF,GMOM,Asset Allocation ETF,
Cambria Global Value ETF,GVAL,Global Equity ETF,
Cambria Shareholder Yield ETF,SYLD,US Equity ETF,
Claymore Wilshire Micro-Cap ETF,WMCR,US Equity ETF,
Claymore Wilshire US REIT ETF,WREI,US Equity ETF,
Cohen & Steers Global Realty Majors ETF,GRI,Global Equity ETF,
Columbia Concentrated Large Cap Value Strategy ETF,GVT,US Equity ETF,
Columbia Core Bond Strategy ETF,GMTB,US Fixed Income ETF,
Columbia Growth Equity Strategy ETF,RPX,US Equity ETF,
Columbia Intermediate Municipal Bond Strategy ETF,GMMB,US Fixed Income ETF,
Columbia Large-Cap Growth Equity Strategy ETF,RWG,US Equity ETF,
Compass EMP Dev 500 Enh Vol Wtd ETF,CIZ,US Equity ETF,
Compass EMP US 500 Enh Vol Wtd ETF,CFO,US Equity ETF,
Compass EMP US 500 Vol Wtd ETF,CFA,US Equity ETF,
Compass EMP US Discv 500 Enh Vol Wtd ETF,CSF,US Equity ETF,
Compass EMP US EQ Inc 100 EnhVol Wtd ETF,CDC,US Equity ETF,
CSOP FTSE China A50 ETF,AFTY,Global Equity ETF,
Deutsche X-trackers DJ Hdgd Intl Rl Estt ETF,DBRE,Global Equity ETF,
Deutsche X-Trackers Harvest China ETF,ASHR,Global Equity ETF,
Deutsche X-Trackers Hrvst CSI 500China A Sm Cp ETF,ASHS,Global Equity ETF,
Deutsche X-Trackers Hvst MSCI All China Eq ETF,CN,Global Equity ETF,
Deutsche X-Trackers MSCI AP ex Jap Hdgd Eq ETF,DBAP,Global Equity ETF,
Deutsche X-Trackers MSCI AW exUS Hdgd Eq ETF,DBAW,Global Equity ETF,
Deutsche X-Trackers MSCI Brazil Currency-Hedged Equity Fund ETF,DBBR,Global Equity ETF,
Deutsche X-Trackers MSCI EAFE Currency-Hedged Equity Fund ETF,DBEF,Commodity Based ETF,
Deutsche X-Trackers MSCI Emerging Markets Currency-Hedged Equity Fund ETF,DBEM,Commodity Based ETF,
Deutsche X-Trackers MSCI EMU Hedged Eq ETF,DBEZ,Global Equity ETF,
Deutsche X-Trackers MSCI Europe Hdgd Eq ETF,DBEU,Global Equity ETF,
Deutsche X-Trackers MSCI Germany Hedged Eq ETF,DBGR,Global Equity ETF,
Deutsche X-Trackers MSCI Japan Currency-Hedged Equity Fund ETF,DBJP,Commodity Based ETF,
Deutsche X-Trackers MSCI Mexico Hedged Eq ETF,DBMX,Global Equity ETF,
Deutsche X-Trackers MSCI South Kor Hdgd Eq ETF,DBKO,Global Equity ETF,
Deutsche X-Trackers MSCI UK Hdgd Eq ETF,DBUK,Global Equity ETF,
Deutsche X-Trackers Muni Infras Revn Bd ETF,RVNU,US Fixed Income ETF,
Deutsche X-Trackers Regulated Utilities,UTLT,Global Equity ETF,
Deutsche X-trackers S&P Hdgd Glbl Infras ETF,DBIF,Global Equity ETF,
Deutsche X-Trackers Slctv Inv Grd Sbdt Dbt ETF,SUBD,US Fixed Income ETF,
Deutsche X-Trackers TDX Independence 2010 ETF,TDD,Global Asset Allocation ETF,
Deutsche X-Trackers TDX Independence 2020 ETF,TDH,Global Asset Allocation ETF,
Deutsche X-Trackers TDX Independence 2030 ETF,TDN,Global Asset Allocation ETF,
Deutsche X-Trackers TDX Independence 2040 ETF,TDV,Global Asset Allocation ETF,
Deutsche X-Trackers TDX Independence In-Target ETF,TDX,Global Asset Allocation ETF,
Direxion All Cap Insider Sentiment Shrs ETF,KNOW,US Equity ETF,
Direxion Daily 10-Yr Treasury Bear 3x Shrs ETF,TYO,Commodity Based ETF,
Direxion Daily 10-Yr Treasury Bull 3x Shrs ETF,TYD,Commodity Based ETF,
Direxion Daily 20+ Year Treasury Bear 1x Shares ETF,TYBS,Commodity Based ETF,
Direxion Daily 30-Yr Treasury Bear 3x Shrs ETF,TMV,Commodity Based ETF,
Direxion Daily 30-Yr Treasury Bull 3x Shrs ETF,TMF,Commodity Based ETF,
Direxion Daily 7-10 Year Treasury Bear 1x Shares ETF,TYNS,Commodity Based ETF,
Direxion Daily 7-10 Yr Trs Bull 2X Shrs ETF,SYTL,Commodity Based ETF,
Direxion Daily Basic Materials Bull 3x Shares ETF,MATL,US Equity ETF,
Direxion Daily Brazil Bull 3X Shares ETF,BRZU,Commodity Based ETF,
Direxion Daily China 3X Bear Shares ETF,YANG,Commodity Based ETF,
Direxion Daily China 3X Bull Shares ETF,YINN,Commodity Based ETF,
Direxion Daily CSI 300Chn AShr Bl 2X ETF,CHAU,Commodity Based ETF,
Direxion Daily Financial Bear 3X Shares,FAZ,Commodity Based ETF,
Direxion Daily FTSE DevMktsBl 1.25X Shrs,LLDM,Commodity Based ETF,
Direxion Daily FTSE EMktsBull 1.25X Shrs,LLEM,Commodity Based ETF,
Direxion Daily FTSE Europe Bull 3X Shrs,EURL,Commodity Based ETF,
Direxion Daily Gold Bull 3X Shares ETF,BAR,Commodity Based ETF,
Direxion Daily Gold Miners Bear 2x Shares ETF,DUST,Commodity Based ETF,
Direxion Daily Gold Miners Bull 2x Shares ETF,NUGT,Commodity Based ETF,
Direxion Daily Healthcare Bull 3X Shares ETF,CURE,US Equity ETF,
Direxion Daily India Bull 2x Shares ETF,INDL,Commodity Based ETF,
Direxion Daily Japan Bull 3X Shares ETF,JPNL,Commodity Based ETF,
Direxion Daily Jr Gld Mnrs Bear 3X Shrs ETF,JDST,Commodity Based ETF,
Direxion Daily Jr Gld Mnrs Bull 3X Shrs ETF,JNUG,Commodity Based ETF,
Direxion Daily Latin America 3x Bull Shrs ETF,LBJ,Commodity Based ETF,
Direxion Daily Mid Cap Bull 2X Shares ETF,MDLL,Commodity Based ETF,
Direxion Daily Natural Gas Related Bull 2x Shares ETF,GASL,Commodity Based ETF,
Direxion Daily Real Estate Bear 3x Shares ETF,DRV,Commodity Based ETF,
Direxion Daily Real Estate Bull 3x Shares ETF,DRN,Commodity Based ETF,
Direxion Daily Retail Bull 2x Shares ETF,RETL,Commodity Based ETF,
Direxion Daily Russia Bear 3x Shares ETF,RUSS,Commodity Based ETF,
Direxion Daily Russia Bull 3x Shares ETF,RUSL,Commodity Based ETF,
Direxion Daily S&amp;P 500® Bull 1.25X ETF,LLSP,Commodity Based ETF,
Direxion Daily S&P 500 Bull 2X Shares ETF,SPUU,Commodity Based ETF,
Direxion Daily Semiconductor Bear 3x Shares ETF,SOXS,Commodity Based ETF,2
Direxion Daily Semiconductor Bull 3x Shares ETF,SOXL,Commodity Based ETF,2
Direxion Daily Small Cap Bull 1.25X,LLSC,Commodity Based ETF,
Direxion Daily Small Cap Bull 2X Shares ETF,SMLL,Commodity Based ETF,
Direxion Daily South Korea Bull 3X Shrs ETF,KORU,Commodity Based ETF,
Direxion Daily Total Market Bear 1X Shares ETF,TOTS,US Equity ETF,
Direxion Developed Markets Bear 3x Shares ETF,DPK,Commodity Based ETF,
Direxion Developed Markets Bull 3x Shares ETF,DZK,Commodity Based ETF,
Direxion Emerging Markets Bear 3x Shares ETF,EDZ,Commodity Based ETF,
Direxion Emerging Markets Bull 3x Shares ETF,EDC,Commodity Based ETF,
Direxion Energy Bear 3x Shares ETF,ERY,Commodity Based ETF,
Direxion Energy Bull 3x Shares ETF,ERX,Commodity Based ETF,
Direxion Financial Bull 3x Shares ETF,FAS,Commodity Based ETF,
Direxion iBillionaire Index ETF,IBLN,US Equity ETF,
Direxion Large Cap Bear 3x Shares ETF,SPXS,Commodity Based ETF,2
Direxion Large Cap Bull 3x Shares ETF,SPXL,Commodity Based ETF,2
Direxion Mid Cap Bear 3x Shares ETF,MIDZ,Commodity Based ETF,
Direxion Mid Cap Bull 3x Shares ETF,MIDU,Commodity Based ETF,
Direxion NASDAQ-100 Equal Wtd Idx Shrs ETF,QQQE,US Equity ETF,
Direxion S&P 500 RC Volatility Res Shrs,VSPY,US Equity ETF,
Direxion Small Cap Bear 3x Shares ETF,TZA,Commodity Based ETF,2
Direxion Small Cap Bull 3x Shares ETF,TNA,Commodity Based ETF,2
Direxion Technology Bear 3x Shares ETF,TECS,Commodity Based ETF,
Direxion Technology Bull 3x Shares ETF,TECL,Commodity Based ETF,
Direxion Total Bond Market Bear 1x Shares ETF,SAGG,Commodity Based ETF,
Direxion Value Line® Conservative Eq ETF,VLLV,US Equity ETF,
Direxion Value Line® Md&Lg-Cp Hi Div ETF,VLML,US Equity ETF,
Direxion Value Line® Sm&Md-Cp Hi Div ETF,VLSM,US Equity ETF,
Direxion Zacks MLP High Income Shares,ZMLP,US Equity ETF,
EGShares Beyond BRICs ETF,BBRC,Global Equity ETF,
EGShares Blue Chip ETF,BCHP,Global Equity ETF,
EGShares Brazil Infrastructure ETF,BRXX,Global Equity ETF,
EGShares Emerg Mkts Domestic Demand ETF,EMDD,Global Equity ETF,
EGShares Emerging Markets Consumer ETF,ECON,Global Equity ETF,
EGShares Emerging Markets Core ETF,EMCR,Global Equity ETF,
EGShares India Consumer ETF,INCO,Global Equity ETF,
EGShares India Infrastructure ETF,INXX,Global Equity ETF,
EGShares India Small Cap ETF,SCIN,Global Equity ETF,
EGShares Low Volatility Emerging Markets Dividend ETF,HILO,Global Equity ETF,
EMQQ Emerging Markets Intrnt & Ecmrc ETF,EMQQ,Global Equity ETF,
ETFS Diversified-Factor Developed Eurp ETF,SBEU,Global Equity ETF,
ETFS Diversified-Factor US Large Cap ETF,SBUS,US Equity ETF,
ETFS Physical Asian Gold Shares ETF,AGOL,Commodity Based ETF,
ETFS Physical Palladium Shares ETF,PALL,Commodity Based ETF,
ETFS Physical Platinum Shares ETF,PPLT,Commodity Based ETF,
ETFS Physical Precious Metals Basket Shares ETF,GLTR,Commodity Based ETF,
ETFS Physical Swiss Gold Shares ETF,SGOL,Commodity Based ETF,
ETFS Silver Trust ETF,SIVR,Commodity Based ETF,
ETFS White Metals Basket Trust ETF,WITE,Commodity Based ETF,
ETFS Zacks Earnings Large-Cap US ETF,ZLRG,US Equity ETF,
ETFS Zacks Earnings Small-Cap US ETF,ZSML,US Equity ETF,
Falah Russell-IdealRatings US Lg Cp ETF,FIA,US Equity ETF,
Fidelity Corporate Bond ETF,FCOR,US Fixed Income ETF,
Fidelity Limited Term Bond ETF,FLTB,US Fixed Income ETF,
Fidelity MSCI Consumer Discretionary ETF,FDIS,US Equity ETF,
Fidelity MSCI Consumer Staples Index ETF,FSTA,US Equity ETF,
Fidelity MSCI Energy Index ETF,FENY,US Equity ETF,
Fidelity MSCI Financials Index ETF,FNCL,US Equity ETF,
Fidelity MSCI Health Care Index ETF,FHLC,US Equity ETF,
Fidelity MSCI Industrials Index ETF,FIDU,US Equity ETF,
Fidelity MSCI Information Technology ETF,FTEC,US Equity ETF,
Fidelity MSCI Materials Index ETF,FMAT,US Equity ETF,
Fidelity MSCI Real Estate Index ETF,FREL,US Equity ETF,
Fidelity MSCI Telecom Svcs ETF,FCOM,US Equity ETF,
Fidelity MSCI Utilities Index ETF,FUTY,US Equity ETF,
Fidelity Nasdaq Composite Index Tracking Stock ETF,ONEQ,US Equity ETF,
Fidelity Total Bond ETF,FBND,US Fixed Income ETF,
First Trust Amex Biotech Index Fund ETF,FBT,US Equity ETF,1
First Trust Asia Pacific Ex-Japan AlphaDEX ETF,FPA,Global Equity ETF,
First Trust Australia AlphaDEX ETF,FAUS,Global Equity ETF,
First Trust BICK Index Fund ETF,BICK,Global Equity ETF,
First Trust Brazil AlphaDEX ETF,FBZ,Global Equity ETF,
First Trust Canada AlphaDEX ETF,FCAN,Global Equity ETF,
First Trust Capital Strength ETF,FTCS,US Equity ETF,
First Trust CBOE S&P 500 VIX Tail Hedge ETF,VIXH,US Equity ETF,
First Trust China AlphaDEX ETF,FCA,Global Equity ETF,
First Trust Cons. Discret. AlphaDEX ETF,FXD,US Equity ETF,2
First Trust Cons. Staples AlphaDEX ETF,FXG,US Equity ETF,
First Trust Dev Mkts ex-US SC AlphaDEX ETF,FDTS,Global Equity ETF,
First Trust Developed Markets Ex-US AlphaDEX ETF,FDT,Global Equity ETF,
First Trust DJ Global Select Dividend ETF,FGD,Global Equity ETF,
First Trust DJ Internet Index Fund ETF,FDN,US Equity ETF,2
First Trust DJ Select MicroCap ETF,FDM,US Equity ETF,2
First Trust Dorsey Wright Focus 5 ETF,FV,Global Equity ETF,
First Trust Dorsey Wright Intl Foc 5 ETF,IFV,Global Equity ETF,
First Trust Dow Jones STOXX Select Dividend 30 Index Fund ETF,FDD,Global Equity ETF,
First Trust Emerging Markets AlphaDEX ETF,FEM,Global Equity ETF,
First Trust Emerging Markets SC AlphaDEX ETF,FEMS,Global Equity ETF,
First Trust Emerging Mkts Lcl Ccy Bd ETF,FEMB,Global Fixed Income ETF,
First Trust Energy AlphaDEX Fund ETF,FXN,US Equity ETF,1
First Trust Enhanced Short Maturity ETF,FTSM,US Fixed Income ETF,
First Trust Europe AlphaDEX ETF,FEP,Global Equity ETF,
First Trust Eurozone AlphaDEX Fund ETF,FEUZ,Global Equity ETF,
First Trust Financials AlphaDEX ETF,FXO,US Equity ETF,2
First Trust FTSE EPRA/NAREIT Global Real Estate Index Fund ETF,FFR,Global Equity ETF,
First Trust Germany AlphaDEX ETF,FGM,Global Equity ETF,
First Trust Global Tactical Commodity Strategy Fund ETF,FTGC,Commodity Based ETF,
First Trust Health Care AlphaDEX ETF,FXH,US Equity ETF,
First Trust High Income ETF,FTHI,US Equity ETF,
First Trust High Yield Long/Short ETF,HYLS,US Asset Allocation ETF,
First Trust Hong Kong AlphaDEX ETF,FHK,Global Equity ETF,
First Trust Industrials AlphaDEX ETF,FXR,US Equity ETF,
First Trust International IPO ETF,FPXI,Global Equity ETF,
First Trust Intl Multi-Asst Divers Inc ETF,YDIV,Global Equity ETF,
First Trust IPOX-100 Index Fund ETF,FPX,US Equity ETF,
First Trust ISE Chindia ETF,FNI,US Equity ETF,1
First Trust ISE Cloud Computing Index Fund ETF,SKYY,US Equity ETF,
First Trust ISE Global Copper Index Fund ETF,CU,Global Equity ETF,
First Trust ISE Global Engineering and Construction Index Fund ETF,FLM,Global Equity ETF,
First Trust ISE Global Platinum Index Fund ETF,PLTM,Global Equity ETF,
First Trust ISE Global Wind Energy ETF,FAN,Global Equity ETF,
First Trust ISE Water Index Fund ETF,FIW,US Equity ETF,
First Trust ISE-Revere Natural Gas ETF,FCG,US Equity ETF,2
First Trust Japan AlphaDEX ETF,FJP,Global Equity ETF,
First Trust Large Cap Core AlphaDEX ETF,FEX,US Equity ETF,1
First Trust Large Cap Growth Opportunities AlphaDEX Fund ETF,FTC,US Equity ETF,1
First Trust Large Cap Value Opportunities AlphaDEX Fund ETF,FTA,US Equity ETF,1
First Trust Latin America AlphaDEX ETF,FLN,Global Equity ETF,
First Trust Long/Short Equity ETF,FTLS,US Equity ETF,
First Trust Low Beta Income ETF,FTLB,US Equity ETF,
First Trust Low Duration Mortg Opps ETF,LMBS,US Fixed Income ETF,
First Trust Managed Municipal ETF,FMB,US Fixed Income ETF,
First Trust Materials AlphaDEX Fund ETF,FXZ,US Equity ETF,2
First Trust Mega Cap AlphaDex,FMK,US Equity ETF,
First Trust Mid Cap Core AlphaDEX ETF,FNX,US Equity ETF,1
First Trust Mid Cap Growth AlphaDEX ETF,FNY,US Equity ETF,
First Trust Mid Cap Value AlphaDEX ETF,FNK,US Equity ETF,
First Trust Morningstar ETF,FDL,US Equity ETF,2
First Trust Morningstar Mgd Futs Strat ETF,FMF,Commodity Based ETF,
First Trust Multi Cap Value AlphaDEX Fund ETF,FAB,US Equity ETF,
First Trust Multi CG AlphaDEX ETF,FAD,US Equity ETF,
First Trust Multi-Asset Div Income Index ETF,MDIV,Global Equity ETF,
First Trust NASDAQ ABA Community Bank Index Fund ETF,QABA,US Equity ETF,
First Trust NASDAQ CEA Smartphone Index Fund ETF,FONE,Global Equity ETF,
First Trust NASDAQ Clean Edge Smart Grid Infrastructure Index Fund ETF,GRID,Global Equity ETF,
First Trust NASDAQ Clean Edge U.S. Liquid Series Index Fund ETF,QCLN,US Equity ETF,
First Trust NASDAQ Global Auto ETF,CARZ,Global Equity ETF,
First Trust NASDAQ Rising Div Achiev ETF,RDVY,US Equity ETF,
First Trust NASDAQ Technology Div Index ETF,TDIV,US Equity ETF,
First Trust NASDAQ-100 Equal Weighted IndexSMFund ETF,QQEW,US Equity ETF,
First Trust NASDAQ-100 Ex-Technology Sector Index Fund ETF,QQXT,US Equity ETF,
First Trust NASDAQ-100-Technology Sector Index Fund ETF,QTEC,US Equity ETF,2
First Trust North American Energy Infras,EMLP,Global Equity ETF,
First Trust Preferred Securities and Income ETF,FPE,US Equity Income ETF,
First Trust RBA American Indl Rnsnc,AIRR,Global Equity ETF,
First Trust RBA Quality Income,QINC,Global Equity ETF,
First Trust S&P REIT Index Fund ETF,FRI,US Equity ETF,1
First Trust Senior Loan,FTSL,US Fixed Income ETF,
First Trust Small Cap Core AlphaDEX ETF,FYX,US Equity ETF,2
First Trust Small Cap Growth AlphaDEX ETF,FYC,US Equity ETF,
First Trust Small Cap Value AlphaDEX ETF,FYT,US Equity ETF,
First Trust South Korea AlphaDEX ETF,FKO,Global Equity ETF,
First Trust Strategic Income ETF,FDIV,US Fixed Income ETF,
First Trust Switzerland AlphaDEX ETF,FSZ,Global Equity ETF,
First Trust Taiwan AlphaDEX ETF,FTW,Global Equity ETF,
First Trust Technology AlphaDEX ETF,FXL,US Equity ETF,1
First Trust Total US Market AlphaDEX ETF,TUSA,US Equity ETF,
First Trust United Kingdom AlphaDEX ETF,FKU,Global Equity ETF,
First Trust Utilities AlphaDEX® Fund ETF,FXU,US Equity ETF,
First Trust Value Line 100 Fund ETF,FVL,US Equity ETF,2
First Trust VL Dividend ETF,FVD,US Equity ETF,1
FlexShares Credit-Scored US Corp Bd ETF,SKOR,US Fixed Income ETF,
FlexShares Disciplined Dur MBS Idx ETF,MBSD,US Fixed Income ETF,
FlexShares Global Quality Real Estate ETF,GQRE,Global Equity ETF,
FlexShares iBoxx 3-Year Target Duration TIPS Index Fund ETF,TDTT,US Fixed Income ETF,
FlexShares iBoxx 5-Year Target Duration TIPS Index Fund ETF,TDTF,US Fixed Income ETF,
FlexShares International Qual Div Dfnsv ETF,IQDE,Global Equity ETF,
FlexShares International Qual Div Dyn ETF,IQDY,Global Equity ETF,
FlexShares International Qual Div ETF,IQDF,Global Equity ETF,
FlexShares Morningstar Global Upstream Natural Resources Index Fund ETF,GUNR,Global Equity ETF,
FlexShares Morningstar U.S. Market Factor Tilt Index Fund ETF,TILT,US Equity ETF,
FlexShares Mstar Dev Mk ex-US Fct Tl Idx ETF,TLTD,Global Equity ETF,
FlexShares Mstar Emrg Mkts Fct Tl Idx ETF,TLTE,Global Equity ETF,
FlexShares Quality Dividend,QDF,US Equity ETF,
FlexShares Quality Dividend Defensive,QDEF,US Equity ETF,
FlexShares Quality Dividend Dynamic,QDYN,US Equity ETF,
FlexShares Ready Access Variable Inc ETF,RAVI,US Fixed Income ETF,
FlexShares STOXX Global Broad Infras ETF,NFRA,Global Equity ETF,
Forensic Accounting ETF,FLAG,US Equity Income ETF,
Franklin Short Duration US Govt ETF,FTSD,US Fixed Income ETF,
Global X   JPMorgan Efficiente ETF,EFFE,Asset Allocation ETF,
Global X   JPMorgan US Sector Rotat ETF,SCTO,Asset Allocation ETF,
Global X Brazil Consumer ETF,BRAQ,Global Equity ETF,
Global X Brazil Financials ETF,BRAF,Global Equity ETF,
Global X Brazil Mid Cap ETF,BRAZ,Global Equity ETF,
Global X Central Asia &amp; Mongolia ETF,AZIA,Global Equity ETF,
Global X China Consumer ETF,CHIQ,Global Equity ETF,
Global X China Energy ETF,CHIE,Global Equity ETF,
Global X China Financials ETF,CHIX,Global Equity ETF,
Global X China Industrials ETF,CHII,Global Equity ETF,
Global X China Materials ETF,CHIM,Global Equity ETF,
Global X Copper Miners ETF,COPX,Global Equity ETF,
Global X Fertilizers/Potash ETF,SOIL,Global Equity ETF,
Global X FTSE Andean 40 ETF,AND,Global Equity ETF,
Global X FTSE Argentina 20 ETF,ARGT,Global Equity ETF,
Global X FTSE ASEAN 40 ETF,ASEA,Global Equity ETF,
Global X FTSE Greece 20 ETF,GREK,Global Equity ETF,
Global X FTSE Nordic 30 ETF,GXF,Global Equity ETF,
Global X FTSE Norway 30 ETF,NORW,Global Equity ETF,
Global X FTSE Portugal 20 ETF,PGAL,Global Equity ETF,
Global X GF China Bond ETF,CHNB,Global Equity ETF,
Global X Gold Explorers ETF,GLDX,Global Equity ETF,
Global X Guru Activist Index ETF,ACTX,US Equity ETF,
Global X Guru International Index ETF,GURI,Global Equity ETF,
Global X Guru Small Cap Index ETF,GURX,Global Equity ETF,
Global X Interbolsa FTSE Colombia 20 ETF,GXG,Global Equity ETF,
Global X Junior Miners ETF,JUNR,Global Equity ETF,
Global X Junior MLP ETF,MLPJ,US Equity Income ETF,
Global X Lithium ETF,LIT,Global Equity ETF,
Global X MLP &amp; Energy Infrastructure ETF,MLPX,US Equity ETF,
Global X MLP ETF,MLPA,Global Equity ETF,
Global X MSCI Pakistan ETF,PAK,Global Equity ETF,
Global X NASDAQ China Technology ETF,QQQC,Global Equity ETF,
Global X Next Emerging &amp; Frontier ETF,EMFM,Global Equity ETF,
Global X Nigeria Index ETF,NGE,Global Equity ETF,
Global X Permanent ETF,PERM,Global Asset Allocation ETF,
Global X Silver Miners ETF,SIL,Global Equity ETF,
Global X Social Media Index ETF,SOCL,Global Equity ETF,
Global X SuperDividend ETF,SDIV,Global Equity ETF,
Global X SuperDividend US ETF,DIV,Global Equity ETF,
Global X SuperDividend® Emerg Mkts ETF,SDEM,Global Equity Income ETF,
Global X SuperDividend® REIT ETF,SRET,Global Equity Income ETF,
Global X SuperIncome Preferred ETF,SPFF,US Fixed Income ETF,
Global X Top Guru Holdings Index ETF,GURU,Global Equity ETF,
Global X Uranium ETF,URA,Global Equity ETF,
GreenHaven Coal ETF,TONS,Commodity Based ETF,
GreenHaven Continuous Commodity Index Fund ETF,GCC,Commodity Based ETF,
Guggenheim (Rydex) CurrencyShares Australian Dollar Trust ETF,FXA,Commodity Based ETF,
Guggenheim (Rydex) CurrencyShares British Pound Sterling Trust ETF,FXB,Commodity Based ETF,
Guggenheim (Rydex) CurrencyShares Canadian Dollar Trust ETF,FXC,Commodity Based ETF,
Guggenheim (Rydex) CurrencyShares Chinese Renminbi Trust ETF,FXCH,Commodity Based ETF,
Guggenheim (Rydex) CurrencyShares Euro Trust ETF,FXE,Commodity Based ETF,
Guggenheim (Rydex) CurrencyShares Japanese Yen Trust ETF,FXY,Commodity Based ETF,
Guggenheim (Rydex) CurrencyShares Singapore Dollar Trust ETF,FXSG,Commodity Based ETF,
Guggenheim (Rydex) CurrencyShares Swedish Krona Trust ETF,FXS,Commodity Based ETF,
Guggenheim (Rydex) CurrencyShares Swiss Franc Trust ETF,FXF,Commodity Based ETF,
Guggenheim (Rydex) MSCI Emerging Markets Equal Weight ETF,EWEM,Global Asset Allocation ETF,
Guggenheim (Rydex) Russell 1000® Equal Weight ETF,EWRI,US Equity ETF,
Guggenheim (Rydex) Russell 2000® Equal Weight ETF,EWRS,US Equity ETF,
Guggenheim (Rydex) Russell MidCap® Equal Weight ETF,EWRM,US Equity ETF,
Guggenheim (Rydex) Russell Top 50® ETF,XLG,US Equity ETF,
Guggenheim (Rydex) S&P 500 Pure Growth ETF,RPG,US Equity ETF,1
Guggenheim (Rydex) S&P 500 Pure Value ETF,RPV,US Equity ETF,1
Guggenheim (Rydex) S&P Equal Weight Consumer Discretionary ETF,RCD,US Equity ETF,
Guggenheim (Rydex) S&P Equal Weight Consumer Staples ETF,RHS,US Equity ETF,
Guggenheim (Rydex) S&P Equal Weight Energy ETF,RYE,US Equity ETF,
Guggenheim (Rydex) S&P Equal Weight ETF,RSP,US Equity ETF,2
Guggenheim (Rydex) S&P Equal Weight Financial ETF,RYF,US Equity ETF,
Guggenheim (Rydex) S&P Equal Weight Health Care ETF,RYH,US Equity ETF,
Guggenheim (Rydex) S&P Equal Weight Industrials ETF,RGI,US Equity ETF,
Guggenheim (Rydex) S&P Equal Weight Materials ETF,RTM,US Equity ETF,
Guggenheim (Rydex) S&P Equal Weight Technology ETF,RYT,US Equity ETF,
Guggenheim (Rydex) S&P Equal Weight Utilities ETF,RYU,US Equity ETF,
Guggenheim (Rydex) S&P MidCap 400 Pure Growth ETF,RFG,US Equity ETF,1
Guggenheim (Rydex) S&P MidCap 400 Pure Value ETF,RFV,US Equity ETF,
Guggenheim (Rydex) S&P SmallCap 600 Pure Growth ETF,RZG,US Equity ETF,
Guggenheim (Rydex) S&P SmallCap 600 Pure Value ETF,RZV,US Equity ETF,1
Guggenheim BRIC ETF,EEB,Global Equity ETF,
Guggenheim BulletShares 2015 Corporate Bond ETF,BSCF,US Fixed Income ETF,
Guggenheim BulletShares 2015 High Yield Corporate Bond ETF,BSJF,US Fixed Income ETF,
Guggenheim BulletShares 2016 Corporate Bond ETF,BSCG,US Fixed Income ETF,
Guggenheim BulletShares 2016 HY C Bd ETF,BSJG,US Fixed Income ETF,
Guggenheim BulletShares 2017 Corporate Bond ETF,BSCH,US Fixed Income ETF,
Guggenheim BulletShares 2017 HY C Bd ETF,BSJH,US Fixed Income ETF,
Guggenheim BulletShares 2018 Corp Bond ETF,BSCI,US Fixed Income ETF,
Guggenheim BulletShares 2018 HY C Bd ETF,BSJI,US Fixed Income ETF,
Guggenheim BulletShares 2019 Corp Bond ETF,BSCJ,US Fixed Income ETF,
Guggenheim BulletShares 2019 HY C Bd ETF,BSJJ,US Fixed Income ETF,
Guggenheim BulletShares 2020 Corp Bond ETF,BSCK,US Fixed Income ETF,
Guggenheim BulletShares 2020 HY C Bd ETF,BSJK,US Fixed Income ETF,
Guggenheim BulletShares 2021 Corp Bd ETF,BSCL,US Fixed Income ETF,
Guggenheim BulletShares 2022 Corp Bd ETF,BSCM,US Fixed Income ETF,
Guggenheim BulletShrs 2021 HY CorpBd ETF,BSJL,US Fixed Income ETF,
Guggenheim BulletShrs 2022 HY CorpBd ETF,BSJM,US Fixed Income ETF,
Guggenheim BulletShrs 2023 Corp Bd ETF,BSCN,US Fixed Income ETF,
Guggenheim BulletShrs 2024 Corp Bd ETF,BSCO,US Fixed Income ETF,
Guggenheim Canadian Energy Income ETF,ENY,Global Equity ETF,
Guggenheim China All-Cap ETF,YAO,Global Equity ETF,
Guggenheim China Real Estate ETF,TAO,Global Equity ETF,
Guggenheim China Small Cap ETF,HAO,Global Equity ETF,
Guggenheim China Technology ETF,CQQQ,Global Equity ETF,
Guggenheim Defensive Equity ETF,DEF,US Equity ETF,
Guggenheim Emerging Markets Rel Est ETF,EMRE,Global Equity ETF,
Guggenheim Enhanced Ultra-Short Bond ETF,GSY,Commodity Based ETF,
Guggenheim Frontier Markets ETF,FRN,Global Equity ETF,
Guggenheim Insider Sentiment ETF,NFO,US Equity ETF,1
Guggenheim International Multi-Asset Income ETF,HGI,Global Equity ETF,
Guggenheim Mid-Cap Core ETF,CZA,US Equity ETF,
Guggenheim Multi-Asset Income ETF,CVY,US Equity ETF,
Guggenheim Raymond James SB-1 Equity ETF,RYJ,US Equity ETF,
Guggenheim S&P Global Dividend Opportunities Index ETF,LVL,Global Equity ETF,
Guggenheim S&P Global Water Index ETF,CGW,Global Equity ETF,
Guggenheim S&P High Income Infras ETF,GHII,Global Equity ETF,
Guggenheim Shipping ETF,SEA,Global Equity ETF,
Guggenheim Solar ETF,TAN,Global Equity ETF,
Guggenheim Spin-Off ETF,CSD,US Equity ETF,
Guggenheim Timber ETF,CUT,Global Equity ETF,
Horizons Korea KOSPI 200 ETF,HKOR,Global Equity ETF,
Horizons S&P 500 Covered Call ETF,HSPX,US Equity Income ETF,
Huntington EcoLogical Strategy ETF,HECO,US Equity ETF,
Huntington US Equity Rotation Strat ETF,HUSE,US Equity ETF,
IndexIQ ARB Global Resources ETF,GRES,Global Asset Allocation ETF,
IndexIQ ARB Merger Arbitrage ETF,MNA,Global Asset Allocation ETF,
IndexIQ Australia Small Cap ETF,KROO,Global Equity ETF,
IndexIQ Canada Small Cap ETF,CNDA,Global Equity ETF,
IndexIQ CPI Inflation Hedged ETF,CPI,US Asset Allocation ETF,
IndexIQ Global Agribusiness Small Cap ETF,CROP,Global Equity ETF,
IndexIQ Global Oil Small Cap ETF,IOIL,Global Equity ETF,
IndexIQ Hedge Macro Tracker ETF,MCRO,US Asset Allocation ETF,
IndexIQ Hedge Multi-Strategy Tracker ETF,QAI,US Asset Allocation ETF,
IndexIQ US Real Estate Small Cap ETF,ROOF,US Equity ETF,
InfraCap MLP ETF,AMZA,US Equity ETF,
Innovator IBD  50 ETF,FFTY,US Equity ETF,
IQ Hedge Event-Driven Tracker ETF,QED,Commodity Based ETF,
IQ Hedge Long/Short Tracker ETF,QLS,Commodity Based ETF,
IQ Hedge Market Neutral ETF,QMN,Commodity Based ETF,
iShares 0-5 Year High Yield Corp Bd ETF,SHYG,US Fixed Income ETF,
iShares 0-5 Year Invmt Grd Corp Bd ETF,SLQD,US Fixed Income ETF,
iShares 10+ Year Credit Bond Fund ETF,CLY,US Fixed Income ETF,
iShares 2016 Investment Grade Corp Bd ETF,IBCB,Global Fixed Income ETF,
iShares 2018 Investment Grade Corp Bd ETF,IBCC,Global Fixed Income ETF,
iShares 2020 Investment Grade Corp Bd ETF,IBCD,Global Fixed Income ETF,
iShares 2023 Investment Grade Corp Bd ETF,IBCE,Global Fixed Income ETF,
iShares A79MSCI Philippines Investable Market Index Fund (EPHE) ETF,EPHE,Global Equity ETF,
iShares Aaa - A Rated Corporate Bond ETF,QLTA,US Fixed Income ETF,
iShares Asia/Pacific Dividend 30 ETF,DVYA,Global Equity ETF,
iShares B - Ca Rated Corporate Bond ETF,QLTC,US Fixed Income ETF,
iShares Baa - Ba Rated Corporate Bd ETF,QLTB,US Fixed Income ETF,
iShares Barclays 0-5 Year TIPS ETF,STIP,US Fixed Income ETF,
iShares Barclays 10-20 Year Treasury Bond Fund ETF,TLH,US Fixed Income ETF,
iShares Barclays 1-3 Year Credit Bond Fund ETF,CSJ,US Fixed Income ETF,
iShares Barclays 1-3 Year Treasury Bond Fund ETF,SHY,US Fixed Income ETF,
iShares Barclays 20 Year Treasury Bond Fund ETF,TLT,US Fixed Income ETF,
iShares Barclays 3-7 Year Treasury Bond Fund ETF,IEI,US Fixed Income ETF,
iShares Barclays 7-10 Year Treasury Bond Fund ETF,IEF,US Fixed Income ETF,
iShares Barclays Agency Bond Fund ETF,AGZ,US Fixed Income ETF,
iShares Barclays Aggregate ETF,AGG,US Fixed Income ETF,
iShares Barclays CMBS Bond ETF,CMBS,US Fixed Income ETF,
iShares Barclays GNMA Bond ETF,GNMA,US Fixed Income ETF,
iShares Barclays Government/Credit Bond Fund ETF,GBF,US Fixed Income ETF,
iShares Barclays Intermediate Credit Bond Fund ETF,CIU,US Fixed Income ETF,
iShares Barclays Intermediate Government/Credit Bond Fund ETF,GVI,US Fixed Income ETF,
iShares Barclays MBS Fixed-Rate Bond ETF,MBB,US Fixed Income ETF,
iShares Barclays Short Treasury Bond Fund ETF,SHV,US Fixed Income ETF,
iShares Barclays TIPS Bond Fund ETF,TIP,US Fixed Income ETF,
iShares Barclays U.S. Treasury Bond ETF,GOVT,US Fixed Income ETF,
iShares Cohen & Steers Realty Major ETF,ICF,US Equity ETF,2
iShares COMEX Gold Trust ETF,IAU,Commodity Based ETF,
iShares Commodities Select Strategy ETF,COMT,Commodity Based ETF,
iShares Core Dividend Growth ETF,DGRO,US Equity ETF,
iShares Core Long-Term U.S. Bond ETF,ILTB,US Fixed Income ETF,
iShares Core MSCI EAFE ETF,IEFA,Global Equity ETF,
iShares Core MSCI Emerging Markets ETF,IEMG,Global Equity ETF,
iShares Core MSCI Europe ETF,IEUR,Global Equity ETF,
iShares Core MSCI Pacific ETF,IPAC,Global Equity ETF,
iShares Core MSCI Total Intl Stk ETF,IXUS,Global Equity ETF,
iShares Core S&P 500 Index Fund ETF,IVV,US Equity ETF,2
iShares Core S&P Total U.S. Stock Market ETF,ITOT,US Equity ETF,
iShares Core Short-Term US Bond ETF,ISTB,US Fixed Income ETF,
iShares Core Total USD Bond Market ETF,IUSB,US Fixed Income ETF,
iShares Core U.S. Credit Bond ETF,CRED,US Fixed Income ETF,
iShares Currency Hedged MSCI EAFE,HEFA,Global Equity ETF,
iShares Currency Hedged MSCI Emerg Mkts ETF,HEEM,Commodity Based ETF,
iShares Currency Hedged MSCI EMU ETF,HEZU,Global Equity ETF,
iShares Currency Hedged MSCI Germany,HEWG,Global Equity ETF,
iShares Currency Hedged MSCI Japan,HEWJ,Global Equity ETF,
iShares Dow Jones EPAC Select Dividend ETF,IDV,Global Equity ETF,
iShares Dow Jones Select Dividend Index Fund ETF,DVY,US Equity ETF,2
iShares Dow Jones Transportation Average Index Fund ETF,IYT,US Equity ETF,2
iShares Dow Jones U.S. Aerospace & Defense Index Fund ETF,ITA,US Equity ETF,1
iShares Dow Jones U.S. Basic Materials Index ETF,IYM,US Equity ETF,2
iShares Dow Jones U.S. Broker-Dealers Index Fund ETF,IAI,US Equity ETF,1
iShares Dow Jones U.S. Consumer Goods Index Fund ETF,IYK,US Equity ETF,
iShares Dow Jones U.S. Consumer Index Fund ETF,IYC,US Equity ETF,1
iShares Dow Jones U.S. Energy Sector Fund ETF,IYE,US Equity ETF,1
iShares Dow Jones U.S. Financial Sector Index Fund ETF,IYF,US Equity ETF,2
iShares Dow Jones U.S. Financial Services Index Fund ETF,IYG,US Equity ETF,2
iShares Dow Jones U.S. Health Care Index Fund ETF,IYH,US Equity ETF,1
iShares Dow Jones U.S. Health Care Providers Index Fund ETF,IHF,US Equity ETF,1
iShares Dow Jones U.S. Home Construction Index Fund ETF,ITB,US Equity ETF,2
iShares Dow Jones U.S. Industrial Sector Index Fund ETF,IYJ,US Equity ETF,1
iShares Dow Jones U.S. Insurance Index Fund ETF,IAK,US Equity ETF,
iShares Dow Jones U.S. Medical Devices Index Fund ETF,IHI,US Equity ETF,1
iShares Dow Jones U.S. Oil & Gas Exploration & Production Index Fund ETF,IEO,US Equity ETF,2
iShares Dow Jones U.S. Oil Equipment & Services Index Fund ETF,IEZ,US Equity ETF,1
iShares Dow Jones U.S. Pharmaceutical Index Fund ETF,IHE,US Equity ETF,
iShares Dow Jones U.S. Real Estate Index Fund ETF,IYR,US Equity ETF,2
iShares Dow Jones U.S. Regional Banks Index Fund ETF,IAT,US Equity ETF,1
iShares Dow Jones U.S. Technology Index Fund ETF,IYW,US Equity ETF,2
iShares Dow Jones U.S. Telecommunications Index Fund ETF,IYZ,US Equity ETF,2
iShares Dow Jones U.S. Total Market Index Fund ETF,IYY,US Equity ETF,
iShares Dow Jones U.S. Utilities Index Fund ETF,IDU,US Equity ETF,1
iShares Dow Jones-UBS Roll Sel Cmdty ETF,CMDT,Commodity Based ETF,
iShares Emerging Markets Corporate Bond ETF,CEMB,US Fixed Income ETF,
iShares Emerging Markets Dividend ETF,DVYE,Global Equity ETF,
iShares Emerging Markets High Yield Bond ETF,EMHY,US Fixed Income ETF,
iShares Emerging Markets Local Currency Bond Fund ETF,LEMB,US Fixed Income ETF,
iShares Enhanced International Large-Cap,IEIL,Global Equity ETF,
iShares Enhanced International Small-Cap,IEIS,Global Equity ETF,
iShares Enhanced US Large-Cap ETF,IELG,US Equity ETF,
iShares Enhanced US Small-Cap ETF,IESM,US Equity ETF,
iShares Exponential Technologies ETF,XT,Global Equity ETF,
iShares FactorSelect MSCI Global ETF,ACWF,Global Equity ETF,
iShares FactorSelect MSCI International ETF,INTF,Global Equity ETF,
iShares FactorSelect MSCI Intl Small-Cap ETF,ISCF,Global Equity ETF,
iShares FactorSelect MSCI USA ETF,LRGF,US Equity ETF,
iShares FactorSelect MSCI USA Small-Cap ETF,SMLF,US Equity ETF,
iShares Financials Sector Bond ETF,MONY,US Fixed Income ETF,
iShares Floating Rate Note ETF,FLOT,US Fixed Income ETF,
iShares FTSE China (HK Listed) Index Fund ETF,FCHI,Global Equity ETF,
iShares FTSE EPRA/NAREIT Asia Index Fund ETF,IFAS,Global Equity ETF,
iShares FTSE EPRA/NAREIT Europe Index Fund ETF,IFEU,Global Equity ETF,
iShares FTSE EPRA/NAREIT Global Real Estate ex-U.S. Index Fund ETF,IFGL,Global Equity ETF,
iShares FTSE EPRA/NAREIT North America Index Fund ETF,IFNA,Global Equity ETF,
iShares FTSE NAREIT Mortgage REITs Index Fund ETF,REM,US Equity ETF,1
iShares FTSE NAREIT Real Estate 50 Index Fund ETF,FTY,US Equity ETF,
iShares FTSE NAREIT Residential Index Fund ETF,REZ,US Equity ETF,
iShares FTSE/Xinhua China 25 Index Fund ETF,FXI,Global Equity ETF,
iShares Global ex USD High Yield Corp Bd ETF,HYXU,US Fixed Income ETF,
iShares Global High Yield Corporate Bond ETF,GHYG,US Fixed Income ETF,
iShares Global Inflation-Linked,GTIP,US Fixed Income ETF,
iShares Global REIT ETF,REET,Global Equity ETF,
iShares Goldman Sachs Natural Resources Index Fund ETF,IGE,US Equity ETF,2
iShares Goldman Sachs Network Index Fund ETF,IGN,US Equity ETF,1
iShares Goldman Sachs Software Index Fund ETF,IGV,US Equity ETF,1
iShares Goldman Sachs Technology Index Fund ETF,IGM,US Equity ETF,1
iShares GS $ InvesTopTM Corporate Bond Fund ETF,LQD,US Fixed Income ETF,
iShares GSCI Commodity-Indexed Trust Fund ETF,GSG,Commodity Based ETF,
iShares High Dividend Equity ETF,HDV,US Equity ETF,
iShares iBonds Dec 2017 Corporate ETF,IBDJ,US Fixed Income ETF,
iShares iBonds Dec 2019 Corporate ETF,IBDK,US Fixed Income ETF,
iShares iBonds Dec 2021 Corporate ETF,IBDM,US Fixed Income ETF,
iShares iBonds Dec 2022 Corporate ETF,IBDN,US Fixed Income ETF,
iShares iBonds Dec 2023 Corporate ETF,IBDO,US Fixed Income ETF,
iShares iBonds Dec 2024 Corporate ETF,IBDP,US Fixed Income ETF,
iShares iBonds Dec 2025 Corporate ETF,IBDQ,US Fixed Income ETF,
iShares iBonds Sep 2020 AMT-Free Muni Bd ETF,IBMI,US Fixed Income ETF,
iShares iBonds Sep2015 AMT-FreeMuni Bd ETF,IBMD,US Fixed Income ETF,
iShares iBonds Sep2016 AMT-FreeMuni Bd ETF,IBME,US Fixed Income ETF,
iShares iBonds Sep2017 AMT-FreeMuni Bd ETF,IBMF,US Fixed Income ETF,
iShares iBonds Sep2018 AMT-FreeMuni Bd ETF,IBMG,US Fixed Income ETF,
iShares iBonds Sep2019 AMT-FreeMuni Bd ETF,IBMH,US Fixed Income ETF,
iShares iBonds® Dec 2020 Corporate ETF,IBDL,US Fixed Income ETF,
iShares iBoxx $ HY Corp Bond Fund ETF,HYG,US Fixed Income ETF,
iShares Industrials Sector Bond ETF,ENGN,US Fixed Income ETF,
iShares Interest Rate Hedged Corp Bd ETF,LQDH,US Fixed Income ETF,
iShares Interest Rate Hedged High Yld Bd ETF,HYGH,US Fixed Income ETF,
iShares International Inflation-Linked ETF,ITIP,US Fixed Income ETF,
iShares JP Morgan Em Bond Fd ETF,EMB,US Fixed Income ETF,
iShares KLD 400 Social Index Fund ETF,DSI,US Equity ETF,
iShares KLD Select Social Index Fund ETF,KLD,US Equity ETF,
iShares Latin America 40 Index Fund ETF,ILF,Global Equity ETF,
iShares Liquidity Income,ICSH,US Fixed Income ETF,
iShares Morningstar Large Core Index Fund ETF,JKD,US Equity ETF,2
iShares Morningstar Large Growth Index Fund ETF,JKE,US Equity ETF,
iShares Morningstar Large Value Index Fund ETF,JKF,US Equity ETF,
iShares Morningstar Mid Core Index Fund ETF,JKG,US Equity ETF,
iShares Morningstar Mid Growth Index Fund ETF,JKH,US Equity ETF,
iShares Morningstar Mid Value Index Fund ETF,JKI,US Equity ETF,
iShares Morningstar Multi-Asset Income ETF,IYLD,US Asset Allocation ETF,
iShares Morningstar Small Core Index Fund ETF,JKJ,US Equity ETF,
iShares Morningstar Small Growth Index Fund ETF,JKK,US Equity ETF,
iShares Morningstar Small Value Index Fund ETF,JKL,US Equity ETF,
iShares MSCI AC Asia ex Japan Small Cap,AXJS,Global Equity ETF,
iShares MSCI AC Asia Information Tech ETF,AAIT,Global Equity ETF,
iShares MSCI ACWI (All Country World Index) Index Fund ETF,ACWI,Global Equity ETF,
iShares MSCI ACWI ex US Index Fund ETF,ACWX,Global Equity ETF,
iShares MSCI All Country Asia ex Japan Index Fund ETF,AAXJ,Global Equity ETF,
iShares MSCI All Country World Minimum Volatility Index Fund ETF,ACWV,Global Equity ETF,
iShares MSCI All Peru Capped Index Fund ETF,EPU,Global Equity ETF,
iShares MSCI Asia ex Japan Minimum Vol ETF,AXJV,Global Equity ETF,
iShares MSCI Australia Index Fund ETF,EWA,Global Equity ETF,
iShares MSCI Australia Small Cap,EWAS,Global Equity ETF,
iShares MSCI Austria Index Fund ETF,EWO,Global Equity ETF,
iShares MSCI Belgium Index Fund ETF,EWK,Global Equity ETF,
iShares MSCI Brazil Index Fund ETF,EWZ,Global Equity ETF,
iShares MSCI Brazil Small Cap Index Fund (EWZS) ETF,EWZS,Global Equity ETF,
iShares MSCI BRIC Index Fund ETF,BKF,Global Equity ETF,
iShares MSCI Canada Index Fund ETF,EWC,Global Equity ETF,
iShares MSCI Canada Small Cap Index Fund,EWCS,Global Equity ETF,
iShares MSCI Chile Index Fund ETF,ECH,Global Equity ETF,
iShares MSCI China ETF,MCHI,Global Equity ETF,
iShares MSCI China Small Cap Index Fund (ECNS) ETF,ECNS,Global Equity ETF,
iShares MSCI Colombia Capped ETF,ICOL,Global Equity ETF,
iShares MSCI Denmark Cppd Investable Mkt,EDEN,Global Equity ETF,
iShares MSCI EAFE Index Fund ETF,EFA,Global Equity ETF,
iShares MSCI EAFE Minimum Volatility Index Fund ETF,EFAV,Global Equity ETF,
iShares MSCI EAFE Small Cap ETF,SCZ,Global Equity ETF,
iShares MSCI EM Energy Sector Capped ETF,EMEY,Global Equity ETF,
iShares MSCI Emerging Index Fund ETF,EEM,Global Equity ETF,
iShares MSCI Emerging Markets Asia ETF,EEMA,Global Equity ETF,
iShares MSCI Emerging Markets Cons Disc ETF,EMDI,Global Equity ETF,
iShares MSCI Emerging Markets Eastern Europe Index Fund ETF,ESR,Global Equity ETF,
iShares MSCI Emerging Markets EMEA,EEME,Global Equity ETF,
iShares MSCI Emerging Markets Growth ETF,EGRW,Global Equity ETF,
iShares MSCI Emerging Markets Hrzn ETF,EMHZ,Commodity Based ETF,
iShares MSCI Emerging Markets Latin Amer,EEML,Global Equity ETF,
iShares MSCI Emerging Markets Minimum Volatility Index Fund ETF,EEMV,Global Equity ETF,
iShares MSCI Emerging Markets Small Cap Index Fund ETF,EEMS,Global Equity ETF,
iShares MSCI Emerging Markets Value ETF,EVAL,Global Equity ETF,
iShares MSCI EMU Index Fund ETF,EZU,Global Equity ETF,
iShares MSCI Europe Financials Sector Index Fund ETF,EUFN,Global Equity ETF,
iShares MSCI Europe Minimum Volatility ETF,EUMV,Global Equity ETF,
iShares MSCI Europe Small-Cap ETF,IEUS,Global Equity ETF,
iShares MSCI Finland Capped Inv Mkt,EFNL,Global Equity ETF,
iShares MSCI France Index Fund ETF,EWQ,Global Equity ETF,
iShares MSCI Frontier 100 Index ETF,FM,Global Equity ETF,
iShares MSCI Germany Index Fund ETF,EWG,Global Equity ETF,
iShares MSCI Germany Small Cap,EWGS,Global Equity ETF,
iShares MSCI Global Agriculture Producers Fund ETF,VEGI,Global Equity ETF,
iShares MSCI Global Energy Producers Fund ETF,FILL,Global Equity ETF,
iShares MSCI Global Gold Miners Fund ETF,RING,Global Equity ETF,
iShares MSCI Global Select Metals & Mining Producers Fund ETF,PICK,Global Equity ETF,
iShares MSCI Global Silver Miners Fund ETF,SLVP,Global Equity ETF,
iShares MSCI Growth Index Fund ETF,EFG,Global Equity ETF,
iShares MSCI Hong Kong Index Fund ETF,EWH,Global Equity ETF,
iShares MSCI Hong Kong Small Cap,EWHS,Global Equity ETF,
iShares MSCI India Index ETF,INDA,Global Equity ETF,
iShares MSCI India Small Cap ETF,SMIN,Global Equity ETF,
iShares MSCI Indonesia Investable Market Index Fund ETF,EIDO,Global Equity ETF,
iShares MSCI Intl Dev Mom Factr,IMTM,Global Equity ETF,
iShares MSCI Intl Dev Qual Factr,IQLT,Global Equity ETF,
iShares MSCI Ireland Capped Investable Market Index Fund ETF,EIRL,Global Equity ETF,
iShares MSCI Israel Capped Investable Market Index Fund ETF,EIS,Global Equity ETF,
iShares MSCI Italy Index Fund ETF,EWI,Global Equity ETF,
iShares MSCI Japan Index Fund ETF,EWJ,Global Equity ETF,
iShares MSCI Japan Minimum Volatility ETF,JPMV,Global Equity ETF,
iShares MSCI Japan Sm Cap ETF,SCJ,Global Equity ETF,
iShares MSCI Kokusai ETF,TOK,Global Equity ETF,
iShares MSCI Malaysia Index Fund ETF,EWM,Global Equity ETF,
iShares MSCI Mexico Index Fund ETF,EWW,Global Equity ETF,
iShares MSCI Netherlands Index Fund ETF,EWN,Global Equity ETF,
iShares MSCI New Zealand Investable Market Index Fund (ENZL) ETF,ENZL,Global Equity ETF,
iShares MSCI Norway Cppd Investable Mkt,ENOR,Global Equity ETF,
iShares MSCI Pacific Ex-Japan Index Fund ETF,EPP,Global Equity ETF,
iShares MSCI Poland Investable Market Index Fund ETF,EPOL,Global Equity ETF,
iShares MSCI Qatar Capped ETF,QAT,Global Equity ETF,
iShares MSCI Russia Capped Index Fund ETF,ERUS,Global Equity ETF,
iShares MSCI Singapore Index Fund ETF,EWS,Global Equity ETF,
iShares MSCI Singapore Small Cap Fund,EWSS,Global Equity ETF,
iShares MSCI South Africa Index Fund ETF,EZA,Global Equity ETF,
iShares MSCI South Korea Index Fund ETF,EWY,Global Equity ETF,
iShares MSCI Spain Index Fund ETF,EWP,Global Equity ETF,
iShares MSCI Sweden Index Fund ETF,EWD,Global Equity ETF,
iShares MSCI Switzerland Index Fund ETF,EWL,Global Equity ETF,
iShares MSCI Taiwan Index Fund ETF,EWT,Global Equity ETF,
iShares MSCI Thailand Investable Market Index Fund ETF,THD,Global Equity ETF,
iShares MSCI Turkey Investable Market Index Fund ETF,TUR,Global Equity ETF,
iShares MSCI UAE Capped ETF,UAE,Global Equity ETF,
iShares MSCI United Kingdom Index Fund ETF,EWU,Global Equity ETF,
iShares MSCI United Kingdom Small Cap,EWUS,Global Equity ETF,
iShares MSCI USA Index Fund ETF,EUSA,US Equity ETF,
iShares MSCI USA Minimum Volatility Index Fund ETF,USMV,US Equity ETF,
iShares MSCI USA Momentum Factor ETF,MTUM,US Equity ETF,
iShares MSCI USA Quality Factor ETF,QUAL,US Equity ETF,
iShares MSCI USA Size Factor ETF,SIZE,US Equity ETF,
iShares MSCI USA Value Factor ETF,VLUE,US Equity ETF,
iShares MSCI Value Index Fund ETF,EFV,Global Equity ETF,
iShares MSCI World ETF,URTH,Global Equity ETF,
iShares Nasdaq Biotechnology ETF,IBB,US Equity ETF,2
iShares PHLX SOX Semiconductor Sector Index Fund ETF,SOXX,US Equity ETF,2
iShares Russell 1000 ETF,IWB,US Equity ETF,2
iShares Russell 1000 Growth ETF,IWF,US Equity ETF,2
iShares Russell 1000 Value ETF,IWD,US Equity ETF,2
iShares Russell 2000 ETF,IWM,US Equity ETF,2
iShares Russell 2000 Growth ETF,IWO,US Equity ETF,2
iShares Russell 2000 Value ETF,IWN,US Equity ETF,2
iShares Russell 3000 ETF,IWV,US Equity ETF,2
iShares Russell 3000 Growth ETF,IUSG,Global Equity ETF,2
iShares Russell 3000 Value ETF,IUSV,US Equity ETF,2
iShares Russell Microcap Index Fund ETF,IWC,US Equity ETF,1
iShares Russell Midcap Growth Index ETF,IWP,US Equity ETF,2
iShares Russell Midcap Index Fund ETF,IWR,US Equity ETF,2
iShares Russell Midcap Value Index ETF,IWS,US Equity ETF,2
iShares Russell Top 200 Growth Index Fund ETF,IWY,US Equity ETF,2
iShares Russell Top 200 Index Fund ETF,IWL,US Equity ETF,
iShares Russell Top 200 Value Index Fund ETF,IWX,US Equity ETF,2
iShares S&P 100 Index Fund ETF,OEF,US Equity ETF,2
iShares S&P 500 Growth Index Fund ETF,IVW,US Equity ETF,2
iShares S&P 500 Value Index Fund ETF,IVE,US Equity ETF,2
iShares S&P Aggressive Allocation Fund ETF,AOA,US Asset Allocation ETF,
iShares S&P Asia 50 ETF,AIA,Global Equity ETF,
iShares S&P Cali Muni Bond ETF,CMF,US Fixed Income ETF,
iShares S&P Conservative Allocation Fund ETF,AOK,US Asset Allocation ETF,
iShares S&P Emerging Markets Infrastructure Index Fund ETF,EMIF,Global Equity ETF,
iShares S&P Europe 350 Index Fund ETF,IEV,Global Equity ETF,
iShares S&P Global 100 Index Fund ETF,IOO,Global Equity ETF,
iShares S&P Global Clean Energy Index Fund ETF,ICLN,Global Equity ETF,
iShares S&P Global Consumer Discretionary Sector Index Fund ETF,RXI,Global Equity ETF,
iShares S&P Global Consumer Staples Sector Index Fund ETF,KXI,Global Equity ETF,
iShares S&P Global Energy Index Fund ETF,IXC,Global Equity ETF,
iShares S&P Global Financial Index Fund ETF,IXG,Global Equity ETF,
iShares S&P Global Healthcare Index Fund ETF,IXJ,Global Equity ETF,
iShares S&P Global Industrials Sector Index Fund ETF,EXI,Global Equity ETF,
iShares S&P Global Infrastructure ETF,IGF,Global Equity ETF,
iShares S&P Global Materials Sector Index Fund ETF,MXI,Global Equity ETF,
iShares S&P Global Technology Index Fund ETF,IXN,Global Equity ETF,
iShares S&P Global Telecommunications Index Fund ETF,IXP,Global Equity ETF,
iShares S&P Global Timber & Forestry Index Fund ETF,WOOD,Global Equity ETF,
iShares S&P Global Utilities Sector Index Fund ETF,JXI,Global Equity ETF,
iShares S&P Growth Allocation Fund ETF,AOR,US Asset Allocation ETF,
iShares S&P India Nifty 50 Index Fund ETF,INDY,Global Equity ETF,
iShares S&P Intl Preferred Stock Index ETF,IPFF,Global Equity Income ETF,
iShares S&P MidCap 400 Growth Index Fund ETF,IJK,US Equity ETF,2
iShares S&P MidCap 400 Index Fund ETF,IJH,US Equity ETF,2
iShares S&P MidCap 400 Value Index Fund ETF,IJJ,US Equity ETF,2
iShares S&P Moderate Allocation Fund ETF,AOM,US Asset Allocation ETF,
iShares S&P National Municipal Bond Fund ETF,MUB,US Fixed Income ETF,
iShares S&P NY Muni ETF,NYF,US Fixed Income ETF,
iShares S&P Short Term National AMT-Free Municipal Bond Fund ETF,SUB,US Fixed Income ETF,
iShares S&P SmallCap 600 Growth Index Fund ETF,IJT,US Equity ETF,2
iShares S&P SmallCap 600 Index Fund ETF,IJR,US Equity ETF,2
iShares S&P SmallCap 600 Values Index Fund ETF,IJS,US Equity ETF,2
iShares S&P US Preferred Stock Fund ETF,PFF,US Equity Income ETF,
iShares S&P World ex-US Property ETF,WPS,Global Equity ETF,
iShares S&P/Citigroup 1-3 Year International Treasury Bond Fund ETF,ISHG,US Fixed Income ETF,
iShares S&P/Citigroup International Treasury Fund ETF,IGOV,US Fixed Income ETF,
iShares S&P/TOPIX 150 Index Fund ETF,ITF,Global Equity ETF,
iShares Short Maturity Bond ETF,NEAR,US Fixed Income ETF,
iShares Short Maturity Municipal Bond ETF,MEAR,US Fixed Income ETF,
iShares Silver Trust ETF,SLV,Commodity Based ETF,
iShares Treasury Floating Rate Bond,TFLO,US Fixed Income ETF,
iShares US Fixed Income Bal Rsk ETF,INC,US Fixed Income ETF,
iShares Utilities Sector Bond ETF,AMPS,US Fixed Income ETF,
iShares Yield Optimized Bond ETF,BYLD,US Fixed Income ETF,
iSharesBond 2016 Corporate Term ETF,IBDA,US Fixed Income ETF,
iSharesBond 2018 Corporate Term ETF,IBDB,US Fixed Income ETF,
iSharesBond 2020 Corporate Term ETF,IBDC,US Fixed Income ETF,
iSharesBond 2023 Corporate Term ETF,IBDD,US Fixed Income ETF,
iSharesBond Dec 2016 Corporate Term ETF,IBDF,US Fixed Income ETF,
iSharesBond Dec 2018 Corporate Term ETF,IBDH,US Fixed Income ETF,
JPMorgan Diversified Return Glbl Eq ETF,JPGE,Global Equity ETF,
JPMorgan Diversified Rt Intl Eqty ETF,JPIN,Global Equity ETF,
JPMorganDiversified Return Emerging Markets Equity ETF,JPEM,Global Equity ETF,
KraneShares Bosera MSCI China A Shr ETF,KBA,Global Equity ETF,
KraneShares CSI China Five Year Plan ETF,KFYP,Global Equity ETF,
KraneShares CSI China Internet ETF,KWEB,Global Equity ETF,
KraneShares E Fund China Comrcl Papr ETF,KCNY,Global Fixed Income ETF,
KraneShares FTSE Emerging Mkts Plus ETF,KEMP,Global Equity ETF,
Lattice Developed Mkts (ex-US) Stra ETF,RODM,Global Equity ETF,
Lattice Emerging Markets Strategy ETF,ROAM,Global Equity ETF,
Lattice Global Small Cap Strategy ETF,ROGS,Global Equity ETF,
Lattice US Equity Strategy ETF,ROUS,US Equity ETF,
LocalShares Nashville Area ETF,NASH,US Equity ETF,
Market Vectors BDC Income ETF,BIZD,US Equity Income ETF,
Market Vectors Biotech ETF,BBH,US Equity ETF,
Market Vectors Brazil Small-Cap ETF,BRF,Global Equity ETF,
Market Vectors CEF Municipal Income ETF,XMPT,US Fixed Income ETF,
Market Vectors China ETF,PEK,Global Equity ETF,
Market Vectors ChinaAMC China Bond ETF,CBON,Global Fixed Income ETF,
Market Vectors ChinaAMC SME-ChiNext ETF,CNXT,Global Equity ETF,
Market Vectors Coal ETF,KOL,Global Equity ETF,
Market Vectors Egypt Index ETF,EGPT,Global Equity ETF,
Market Vectors Emer Mkts Hi Yld Bond ETF,HYEM,Global Fixed Income ETF,
Market Vectors Emerg Mkt Aggt Bd ETF,EMAG,Global Fixed Income ETF,
Market Vectors Emerging Markets Local Currency Bond ETF,EMLC,US Fixed Income ETF,
Market Vectors Environment Index ETF Fund ETF,EVX,US Equity ETF,
Market Vectors Fallen Angel HY Bond ETF,ANGL,US Fixed Income ETF,
Market Vectors Gaming ETF,BJK,Global Equity ETF,
Market Vectors Global Alternative Energy ETF,GEX,Global Equity ETF,
Market Vectors Gulf States Index ETF,MES,Global Equity ETF,
Market Vectors High Yield Municipal Index ETF,HYD,US Fixed Income ETF,
Market Vectors India Small-Cap ETF,SCIF,Global Equity ETF,
Market Vectors Indonesia Index ETF,IDX,Global Equity ETF,
Market Vectors Indonesia Small-Cap ETF,IDXJ,Commodity Based ETF,
Market Vectors Intermediate Municipal ETF,ITM,US Fixed Income ETF,
Market Vectors Intl High Yield Bond ETF,IHY,US Fixed Income ETF,
Market Vectors Investment Grade Floating Rate,FLTR,US Fixed Income ETF,
Market Vectors Israel ETF,ISRA,Global Equity ETF,
Market Vectors Junior Gold Miners ETF,GDXJ,Global Equity ETF,
Market Vectors Morningstar Wide Moat ETF,MOAT,US Equity ETF,
Market Vectors Mortgage REIT Income ETF,MORT,US Equity ETF,
Market Vectors MSCI Emerg Mkts Qual ETF,QEM,Global Equity ETF,
Market Vectors MSCI Emg Mkt Qual Div ETF,QDEM,Global Equity ETF,
Market Vectors MSCI Intl Qual Div ETF,QDXU,Global Equity ETF,
Market Vectors MSCI Intl Qual ETF,QXUS,Global Equity ETF,
Market Vectors Oil Services ETF,OIH,US Equity ETF,2
Market Vectors Pharmaceutical ETF,PPH,US Equity ETF,2
Market Vectors Poland ETF,PLND,Global Equity ETF,
Market Vectors Pref Secs ex Fincls ETF,PFXF,US Equity Income ETF,
Market Vectors Pre-Refunded Municipal Index ETF,PRB,US Fixed Income ETF,
Market Vectors Rare Earth/Strategic Metals ETF,REMX,Global Equity ETF,
Market Vectors Retail ETF,RTH,US Equity ETF,2
Market Vectors Russia Small-Cap ETF,RSXJ,Global Equity ETF,
Market Vectors RVE Hard Assets Prod ETF,HAP,Global Equity ETF,
Market Vectors Semiconductor ETF,SMH,US Equity ETF,2
Market Vectors Short Hi-Yld Muni Idx ETF,SHYD,US Fixed Income ETF,
Market Vectors Short Municipal Index ETF,SMB,US Fixed Income ETF,
Market Vectors Solar Energy ETF,KWT,Global Equity ETF,
Market Vectors Steel Index ETF Fund ETF,SLX,US Equity ETF,2
Market Vectors TR Gold Miners ETF,GDX,Global Equity ETF,2
Market Vectors TR Russia ETF,RSX,Global Equity ETF,
Market Vectors Treasury-Hedged High Yield Bond ETF,THHY,US Fixed Income ETF,
Market Vectors Unconventl Oil & Gas ETF,FRAK,Global Equity ETF,
Market Vectors Vietnam ETF,VNM,Global Equity ETF,
Market Vectors-Africa Index ETF,AFK,Global Equity ETF,
Market Vectors-Agribusiness ETF,MOO,Global Equity ETF,
Market Vectors-Lehman Brothers AMT-Free Long Municipal Index ETF,MLN,US Fixed Income ETF,
Market Vectors-Nuclear Energy ETF,NLR,Global Equity ETF,
MarketGrader Barron's 400 ETF,BFOR,US Equity ETF,
Master Income ETF,HIPS,US Equity Income ETF,
Merk Gold Trust ETF,OUNZ,Commodity Based ETF,
PIMCO 0-5 Year High Yield Corporate Bond Index Fund ETF,HYS,US Fixed Income ETF,
PIMCO 1-3 Year U.S. Treasury Index Fund ETF,TUZ,US Fixed Income ETF,
PIMCO 1-5 Year U.S. TIPS Index Fund ETF,STPZ,US Fixed Income ETF,
PIMCO 15+ Year U.S. TIPS Index Fund ETF,LTPZ,US Fixed Income ETF,
PIMCO 25+ Year Zero Coupon U.S. Treasury Index Fund ETF,ZROZ,US Fixed Income ETF,
PIMCO 3-7 Year U.S. Treasury Index Fund ETF,FIVZ,US Fixed Income ETF,
PIMCO 7-15 Year U.S. Treasury Index Fund ETF,TENZ,US Fixed Income ETF,
PIMCO Broad U.S. TIPS Index Fund ETF,TIPZ,US Fixed Income ETF,
PIMCO Diversified Income ETF,DI,US Fixed Income ETF,
PIMCO Enhanced Short Maturity Strategy Fund ETF,MINT,US Fixed Income ETF,
PIMCO Foreign Currency Strategy ETF,FORX,Commodity Based ETF,
PIMCO Global Adv Inf-Linked Bond Str ETF,ILB,US Fixed Income ETF,
PIMCO Intermediate Municipal Bond Strategy Fund ETF,MUNI,US Fixed Income ETF,
PIMCO Investment Grade Corporate Bond Index Fund ETF,CORP,US Fixed Income ETF,
PIMCO Low Duration ETF,LDUR,US Fixed Income ETF,
PIMCO Short Term Municipal Bond Strategy Fund ETF,SMMU,US Fixed Income ETF,
PIMCO Total Return Exchange-Traded Fund,BOND,US Fixed Income ETF,
PowerShares 1-30 Treasury Ladder Portfolio ETF,PLW,US Fixed Income ETF,
PowerShares Active U.S. Real Estate Fund ETF,PSR,US Equity ETF,
PowerShares Aerospace & Defense ETF,PPA,US Equity ETF,
PowerShares BLDRS Asia 50 ADR Index Fund ETF,ADRA,US Equity ETF,
PowerShares BLDRS Developed Markets 100 ADR Index Fund ETF,ADRD,US Equity ETF,
PowerShares BLDRS Emerging Markets 50 ADR Index Fund ETF,ADRE,US Equity ETF,2
PowerShares BLDRS Europe 100 ADR Index Fund ETF,ADRU,US Equity ETF,
PowerShares Build America Bond Portfolio ETF,BAB,US Fixed Income ETF,
PowerShares Buyback Achievers ETF,PKW,US Equity ETF,
PowerShares CEF Income Composite Portfolio (Fund) ETF,PCEF,US Fixed Income ETF,
PowerShares China A-Share ETF,CHNA,Global Equity ETF,
PowerShares Chinese Yuan Dim Sum Bond Portfolio ETF,DSUM,US Fixed Income ETF,
PowerShares Cleantech Portfolio ETF,PZD,Global Equity ETF,
PowerShares DB Agriculture Fund ETF,DBA,Commodity Based ETF,
PowerShares DB Base Metals Fund ETF,DBB,Commodity Based ETF,
PowerShares DB Commodity Index Trac ETF,DBC,Commodity Based ETF,
PowerShares DB Energy Fund ETF,DBE,Commodity Based ETF,
PowerShares DB G10 Currency Harvest ETF,DBV,Commodity Based ETF,
PowerShares DB Gold Fund ETF,DGL,Commodity Based ETF,
PowerShares DB Oil Fund ETF,DBO,Commodity Based ETF,
PowerShares DB Optm Yd Dvrs Cdty Srt ETF,PDBC,Commodity Based ETF,
PowerShares DB Precious Metals Fund ETF,DBP,Commodity Based ETF,
PowerShares DB Silver Fund ETF,DBS,Commodity Based ETF,
PowerShares DB USD Index Bearish ETF,UDN,Commodity Based ETF,
PowerShares DB USD Index Bullish ETF,UUP,Commodity Based ETF,
PowerShares Dividend Achievers ETF,PEY,US Equity ETF,2
PowerShares Dividend Achievers ETF,PFM,US Equity ETF,1
PowerShares DWA Basic Materials Momentum Portfolio ETF,PYZ,US Equity ETF,
PowerShares DWA Consumer Cyclicals Momentum Portfolio ETF,PEZ,US Equity ETF,
PowerShares DWA Consumer Staples Momentum Portfolio ETF,PSL,US Equity ETF,
PowerShares DWA Developed Market Technical Leaders Portfolio ETF,PIZ,Global Equity ETF,
PowerShares DWA Emerging Market Technical Leaders? Portfolio ETF,PIE,Global Equity ETF,
PowerShares DWA Energy Momentum Portfolio ETF,PXI,US Equity ETF,
PowerShares DWA Financial Momentum Portfolio ETF,PFI,US Equity ETF,
PowerShares DWA Healthcare Momentum Portfolio ETF,PTH,US Equity ETF,
PowerShares DWA Industrials Momentum Portfolio ETF,PRN,US Equity ETF,
PowerShares DWA NASDAQ Momentum Portfolio ETF,DWAQ,US Equity ETF,
PowerShares DWA SmCp Technical Ldrs ETF,DWAS,US Equity ETF,
PowerShares DWA Technical Leaders Portfolio ETF,PDP,US Equity ETF,2
PowerShares DWA Technology Momentum Portfolio ETF,PTF,US Equity ETF,
PowerShares DWA Utilities Momentum Portfolio ETF,PUI,US Equity ETF,
PowerShares Dynamic Biotech &Genome ETF,PBE,US Equity ETF,1
PowerShares Dynamic Build & Construction ETF,PKB,US Equity ETF,2
PowerShares Dynamic Developed International Opportunities Portfolio ETF,IDHQ,Global Equity ETF,
PowerShares Dynamic Energy E&P ETF,PXE,US Equity ETF,2
PowerShares Dynamic Food & Beverage ETF,PBJ,US Equity ETF,1
PowerShares Dynamic LargeCap Growth ETF,PWB,US Equity ETF,1
PowerShares Dynamic LargeCap Value ETF,PWV,US Equity ETF,1
PowerShares Dynamic Leisure & Entertainment Portfolio ETF,PEJ,US Equity ETF,1
PowerShares Dynamic Media ETF,PBS,US Equity ETF,
PowerShares Dynamic Networking ETF,PXQ,US Equity ETF,1
PowerShares Dynamic Oil Services ETF,PXJ,US Equity ETF,1
PowerShares Dynamic Pharmaceuticals ETF,PJP,US Equity ETF,1
PowerShares Dynamic Retail ETF,PMR,US Equity ETF,
PowerShares Dynamic Semiconductors ETF,PSI,US Equity ETF,
PowerShares Dynamic Software ETF,PSJ,US Equity ETF,
PowerShares Emerging Markets Sovereign Debt Portfolio ETF,PCY,US Fixed Income ETF,
PowerShares Exchange-Traded Fund ETF,BKLN,US Fixed Income ETF,
PowerShares Fdmtl Emerg Mkts Lcl Dbt ETF,PFEM,US Fixed Income ETF,
PowerShares Financial Preferred ETF,PGF,US Fixed Income ETF,
PowerShares FTSE RAFI Asia Pacific ex-Japan Portfolio ETF,PAF,Global Equity ETF,
PowerShares FTSE RAFI Developed Markets ex-U.S. Portfolio ETF,PXF,Global Equity ETF,
PowerShares FTSE RAFI Developed Markets ex-U.S. Small-Mid Portfolio ETF,PDN,Global Equity ETF,
PowerShares FTSE RAFI Emerging Markets Portfolio ETF,PXH,Global Equity ETF,
Powershares FTSE RAFI US 1000 Portfolio ETF,PRF,US Equity ETF,1
PowerShares FTSE RAFI US 1500 Small-Mid Portfolio ETF,PRFZ,US Equity ETF,1
PowerShares Fundamental High Yield Corporate Bond Portfolio ETF,PHB,US Fixed Income ETF,
PowerShares Fundamental Investment Grade Corporate Bond Portfolio ETF,PFIG,US Fixed Income ETF,
PowerShares Fundamental Pure Large Core Portfolio ETF,PXLC,US Equity ETF,
PowerShares Fundamental Pure Large Growth ETF,PXLG,US Equity ETF,
PowerShares Fundamental Pure Large Value Portfolio ETF,PXLV,US Equity ETF,
PowerShares Fundamental Pure Mid Core Portfolio ETF,PXMC,US Equity ETF,
PowerShares Fundamental Pure Mid Growth Portfolio ETF,PXMG,US Equity ETF,2
PowerShares Fundamental Pure Mid Value Portfolio ETF,PXMV,US Equity ETF,
PowerShares Fundamental Pure Small Core Portfolio ETF,PXSC,US Equity ETF,
PowerShares Fundamental Pure Small Growth Portfolio ETF,PXSG,US Equity ETF,2
PowerShares Fundamental Pure Small Value Portfolio ETF,PXSV,US Equity ETF,
PowerShares Glbl S/T Hi Yld Bd ETF,PGHY,US Fixed Income ETF,
PowerShares Global Agriculture Portfolio ETF,PAGG,Global Equity ETF,
PowerShares Global Clean Energy Portfolio ETF,PBD,Global Equity ETF,
PowerShares Global Emerging Markets Infrastructure Portfolio ETF,PXR,Global Equity ETF,
PowerShares Global Gold and Precious Metals Portfolio ETF,PSAU,Global Equity ETF,
PowerShares Global Listed Private Eq ETF,PSP,Global Equity ETF,
PowerShares Global Water Portfolio ETF,PIO,Global Equity ETF,
PowerShares Golden Dragon Halter USX China Portfolio ETF,PGJ,Global Equity ETF,
PowerShares India Portfolio ETF,PIN,Global Equity ETF,
PowerShares Insured CA Municipal Bond Portfolio ETF,PWZ,US Fixed Income ETF,
PowerShares Insured National Municipal Bond Portfolio ETF,PZA,US Fixed Income ETF,
PowerShares Insured NY Municipal Bond Portfolio ETF,PZT,US Fixed Income ETF,
PowerShares International BuyBack Achiev,IPKW,Global Equity ETF,
PowerShares International Corporate Bond Portfolio ETF,PICB,US Fixed Income ETF,
PowerShares Intl Dividend Achievers ETF,PID,US Equity ETF,
PowerShares KBW Bank Portfolio ETF,KBWB,US Equity ETF,
PowerShares KBW Capital Markets Portfolio ETF,KBWC,US Equity ETF,
PowerShares KBW High Dividend Yield Financial Portfolio ETF,KBWD,US Equity ETF,
PowerShares KBW Insurance Portfolio ETF,KBWI,US Equity ETF,
PowerShares KBW Premium Yield Equity REIT Portfolio ETF,KBWY,US Equity ETF,
PowerShares KBW Property & Casualty Insurance Portfolio ETF,KBWP,US Equity ETF,
PowerShares KBW Regional Banking Portfolio ETF,KBWR,US Equity ETF,
Powershares LadderRite 0-5YCorpBdPortETF,LDRI,US Fixed Income ETF,
PowerShares Multi-Strategy Alternative ETF,LALT,Commodity Based ETF,
PowerShares Nasdaq Internet Portfolio ETF,PNQI,US Equity ETF,
PowerShares NYSE Century,NYCC,US Equity ETF,
PowerShares Preferred Portfolio ETF,PGX,US Fixed Income ETF,
PowerShares QQQ Trust ETF,QQQ,US Equity ETF,2
PowerShares Russell 1000 Equal Weight ETF,EQAL,US Equity ETF,
PowerShares S&P 400 Low Volatility ETF,XMLV,US Equity ETF,
PowerShares S&P 500 BuyWrite Portfolio ETF,PBP,US Equity ETF,1
Powershares S&P 500 Downside Hdg ETF,PHDG,US Equity ETF,
PowerShares S&P 500 High Beta ETF,SPHB,US Equity ETF,
PowerShares S&P 500 High Div Portfolio ETF,SPHD,US Equity ETF,
PowerShares S&P 500 High Quality Portfolio ETF,SPHQ,US Equity ETF,1
PowerShares S&P 500 Low Volatility ETF,SPLV,US Equity ETF,
PowerShares S&P 500ex-Rate SnsvLwVtl ETF,XRLV,US Equity ETF,
PowerShares S&P 600 Low Volatility ETF,XSLV,US Equity ETF,
PowerShares S&P Emerging Markets Low Vol ETF,EELV,Global Equity ETF,
PowerShares S&P Emerging MktsHigh Beta ETF,EEHB,Global Equity ETF,
PowerShares S&P Intl Dev High Beta ETF,IDHB,Global Equity ETF,
PowerShares S&P Intl Dev Low Volatility ETF,IDLV,Global Equity ETF,
PowerShares S&P SmallCap Consumer Discretionary Portfolio ETF,PSCD,US Equity ETF,
PowerShares S&P SmallCap Consumer Staples Portfolio ETF,PSCC,US Equity ETF,
PowerShares S&P SmallCap Energy Portfolio ETF,PSCE,US Equity ETF,2
PowerShares S&P SmallCap Financials Portfolio ETF,PSCF,US Equity ETF,
PowerShares S&P SmallCap Health Care Portfolio ETF,PSCH,US Equity ETF,
PowerShares S&P SmallCap Industrials Portfolio ETF,PSCI,US Equity ETF,
PowerShares S&P SmallCap Info Tech ETF,PSCT,US Equity ETF,2
PowerShares S&P SmallCap Materials Portfolio ETF,PSCM,US Equity ETF,
PowerShares S&P SmallCap Utilities Portfolio ETF,PSCU,US Equity ETF,
PowerShares Variable Rate Preferred ETF,VRP,US Fixed Income ETF,
PowerShares VRDO Tax Free Weekly Portfolio ETF,PVI,US Fixed Income ETF,
PowerShares Water Resource Port ETF,PHO,US Equity ETF,2
PowerShares WilderHill Clean Energy Portfolio ETF,PBW,US Equity ETF,2
PowerShares WilderHill Progressive Energy Portfolio ETF,PUW,US Equity ETF,
PowerShares XTF: Dynamic Market Portfolio ETF,PWC,US Equity ETF,
PowerShares Zacks Micro Cap ETF,PZI,US Equity ETF,2
Precidian MAXIS Nikkei 225 Index ETF,NKY,Global Equity ETF,
ProShares 30 Year TIPS/TSY Spread ETF,RINF,Commodity Based ETF,
ProShares CDS North American HY Crdt ETF,TYTE,US Fixed Income ETF,
ProShares CDS Shrt Nrth Amer HY Crdt ETF,WYDE,US Fixed Income ETF,
ProShares Credit Suisse 130/30 ETF,CSM,Commodity Based ETF,
ProShares DJ Brookfield Glbl Infras ETF,TOLZ,Global Equity ETF,
ProShares German Sovereign/Sub-Sovereign ETF,GGOV,Commodity Based ETF,
ProShares Global Listed Private Eq ETF,PEX,Global Equity ETF,
ProShares Hedge Replication ETF,HDG,Commodity Based ETF,
ProShares High Yield-Interest Rate Hdgd ETF,HYHG,Commodity Based ETF,
ProShares Investment Grd-Intr Rt Hdgd ETF,IGHG,Commodity Based ETF,
ProShares Managed Futures Strategy ETF,FUTS,Commodity Based ETF,
ProShares Merger ETF,MRGR,Commodity Based ETF,
ProShares Morningstar Alts Solu ETF,ALTS,Asset Allocation ETF,
ProShares MSCI EAFE Dividend Growers ETF,EFAD,Global Equity ETF,
ProShares RAFI® Long/Short ETF,RALS,Commodity Based ETF,
ProShares Russell 2000 Dividend Growers ETF,SMDV,US Equity ETF,
ProShares S&P 500 Aristocrats ETF,NOBL,US Equity Income ETF,
ProShares S&P MidCap 400 Dividend Arst ETF,REGL,US Equity ETF,
ProShares Short 20+ Year Treasury ETF,TBF,Commodity Based ETF,
ProShares Short 7-10 Year Treasury ETF,TBX,Commodity Based ETF,
ProShares Short Basic Materials ETF,SBM,Commodity Based ETF,
ProShares Short Dow30 ETF,DOG,Commodity Based ETF,2
ProShares Short Euro ETF,EUFX,Commodity Based ETF,
ProShares Short Financials ETF,SEF,Commodity Based ETF,1
ProShares Short FTSE China 25 ETF,YXI,Commodity Based ETF,
ProShares Short High Yield ETF,SJB,Commodity Based ETF,
ProShares Short Investment Grade Corporate ETF,IGS,Commodity Based ETF,
ProShares Short KBW Regional Banking ETF,KRS,Commodity Based ETF,
ProShares Short MidCap400 ETF,MYY,Commodity Based ETF,1
ProShares Short MSCI EAFE ETF,EFZ,Commodity Based ETF,
ProShares Short MSCI Emerging Markets ETF,EUM,Commodity Based ETF,
ProShares Short Oil & Gas ETF,DDG,Commodity Based ETF,
ProShares Short QQQ ETF,PSQ,Commodity Based ETF,2
ProShares Short Real Estate ETF,REK,Commodity Based ETF,
ProShares Short Russell2000 ETF,RWM,Commodity Based ETF,2
ProShares Short S&P500 ETF,SH,Commodity Based ETF,2
ProShares Short SmallCap600 ETF,SBB,Commodity Based ETF,1
ProShares Short VIX Short-Term Futures ETF,SVXY,Commodity Based ETF,
ProShares Shrt Term USD Emrg Mkts Bd ETF,EMSH,US Fixed Income ETF,
ProShares Ultra 20+ Year Treasury ETF,UBT,Commodity Based ETF,
ProShares Ultra 7-10 Year Treasury ETF,UST,Commodity Based ETF,
ProShares Ultra Australian Dollar ETF,GDAY,Commodity Based ETF,
ProShares Ultra Basic Materials ETF,UYM,Commodity Based ETF,2
ProShares Ultra Consumer Goods ETF,UGE,Commodity Based ETF,
ProShares Ultra Consumer Services ETF,UCC,Commodity Based ETF,
ProShares Ultra DJ-UBS Commodity ETF,UCD,Commodity Based ETF,
ProShares Ultra DJ-UBS Crude Oil ETF,UCO,Commodity Based ETF,
ProShares Ultra DJ-UBS Natural Gas ETF,BOIL,Commodity Based ETF,
ProShares Ultra Dow30 ETF,DDM,Commodity Based ETF,2
ProShares Ultra Euro ETF,ULE,Commodity Based ETF,
ProShares Ultra Financials ETF,UYG,Commodity Based ETF,2
ProShares Ultra FTSE China 25 ETF,XPP,Commodity Based ETF,
ProShares Ultra Gold ETF,UGL,Commodity Based ETF,
ProShares Ultra Gold Miners ETF,GDXX,Commodity Based ETF,
ProShares Ultra Health Care ETF,RXL,Commodity Based ETF,
ProShares Ultra High Yield ETF,UJB,Commodity Based ETF,
ProShares Ultra Industrials ETF,UXI,Commodity Based ETF,
ProShares Ultra Investment Grade Corporate ETF,IGU,Commodity Based ETF,
ProShares Ultra Junior Miners ETF,GDJJ,Commodity Based ETF,
ProShares Ultra KBW Regional Banking ETF,KRU,Commodity Based ETF,
ProShares Ultra MidCap400 ETF,MVV,Commodity Based ETF,2
ProShares Ultra MSCI Brazil ETF,UBR,Commodity Based ETF,
ProShares Ultra MSCI EAFE ETF,EFO,Commodity Based ETF,
ProShares Ultra MSCI Emerging Markets ETF,EET,Commodity Based ETF,
ProShares Ultra MSCI Europe ETF,UPV,Commodity Based ETF,
ProShares Ultra MSCI Japan ETF,EZJ,Commodity Based ETF,
ProShares Ultra MSCI Mexico Investable Market ETF,UMX,Commodity Based ETF,
ProShares Ultra MSCI Pacific ex-Japan ETF,UXJ,Commodity Based ETF,
ProShares Ultra Nasdaq Biotechnology ETF,BIB,Commodity Based ETF,
ProShares Ultra Oil & Gas ETF,DIG,Commodity Based ETF,2
ProShares Ultra QQQ ETF,QLD,Commodity Based ETF,2
ProShares Ultra Real Estate ETF,URE,Commodity Based ETF,2
ProShares Ultra Russell2000 ETF,UWM,Commodity Based ETF,2
ProShares Ultra S&P500 ETF,SSO,Commodity Based ETF,2
ProShares Ultra Semiconductors ETF,USD,Commodity Based ETF,2
ProShares Ultra Silver ETF,AGQ,Commodity Based ETF,
ProShares Ultra SmallCap600 ETF,SAA,Commodity Based ETF,1
ProShares Ultra Technology ETF,ROM,Commodity Based ETF,1
ProShares Ultra Telecommunications ETF,LTL,Commodity Based ETF,
ProShares Ultra Utilities ETF,UPW,Commodity Based ETF,
ProShares Ultra VIX Short-Term Futures ETF,UVXY,Commodity Based ETF,
ProShares Ultra Yen ETF,YCL,Commodity Based ETF,
ProShares UltraPro Dow30 ETF,UDOW,Commodity Based ETF,1
ProShares UltraPro Financials,FINU,Commodity Based ETF,
ProShares UltraPro MidCap400 ETF,UMDD,Commodity Based ETF,
ProShares UltraPro QQQ ETF,TQQQ,US Equity ETF,
ProShares UltraPro Russell2000 ETF,URTY,Commodity Based ETF,1
ProShares UltraPro S&P500 ETF,UPRO,Commodity Based ETF,1
ProShares UltraPro Short 20+ Year Treasury ETF,TTT,Commodity Based ETF,
ProShares UltraPro Short Dow30 ETF,SDOW,Commodity Based ETF,1
ProShares UltraPro Short Financials,FINZ,Commodity Based ETF,
ProShares UltraPro Short MidCap400 ETF,SMDD,Commodity Based ETF,
ProShares UltraPro Short QQQ ETF,SQQQ,Commodity Based ETF,2
ProShares UltraPro Short Russell2000 ETF,SRTY,Commodity Based ETF,2
ProShares UltraPro Short S&P500 ETF,SPXU,Commodity Based ETF,2
ProShares UltraShort 20+ Year Treasury ETF,TBT,Commodity Based ETF,
ProShares UltraShort 3-7 Year Treasury ETF,TBZ,Commodity Based ETF,
ProShares UltraShort 7-10 Year Treasury ETF,PST,Commodity Based ETF,
ProShares UltraShort Australian Dollar,CROC,Commodity Based ETF,
ProShares UltraShort Basic Materials ETF,SMN,Commodity Based ETF,2
ProShares UltraShort Consumer Goods ETF,SZK,Commodity Based ETF,
ProShares UltraShort Consumer Services ETF,SCC,Commodity Based ETF,1
ProShares UltraShort DJ-UBS Commodity ETF,CMD,Commodity Based ETF,
ProShares UltraShort DJ-UBS Crude Oil ETF,SCO,Commodity Based ETF,
ProShares UltraShort DJ-UBS Natural Gas ETF,KOLD,Commodity Based ETF,
ProShares UltraShort Dow30 ETF,DXD,Commodity Based ETF,2
ProShares UltraShort Euro ETF,EUO,Commodity Based ETF,
ProShares UltraShort Financials ETF,SKF,Commodity Based ETF,
ProShares UltraShort FTSE China 25 ETF,FXP,Commodity Based ETF,
ProShares UltraShort Gold ETF,GLL,Commodity Based ETF,
ProShares UltraShort Gold Miners ETF,GDXS,Commodity Based ETF,
ProShares UltraShort Health Care ETF,RXD,Commodity Based ETF,
ProShares UltraShort Industrials ETF,SIJ,Commodity Based ETF,
ProShares UltraShort Junior Miners ETF,GDJS,Commodity Based ETF,
ProShares UltraShort MidCap400 ETF,MZZ,Commodity Based ETF,2
ProShares UltraShort MSCI Brazil ETF,BZQ,Commodity Based ETF,
ProShares UltraShort MSCI EAFE ETF,EFU,Commodity Based ETF,
ProShares UltraShort MSCI Emerging Markets ETF,EEV,Commodity Based ETF,
ProShares UltraShort MSCI Europe ETF,EPV,Commodity Based ETF,
ProShares UltraShort MSCI Japan ETF,EWV,Commodity Based ETF,
ProShares UltraShort MSCI Mexico Investable Market ETF,SMK,Commodity Based ETF,
ProShares UltraShort MSCI Pacific ex-Japan ETF,JPX,Commodity Based ETF,
ProShares UltraShort Nasdaq Biotechnology ETF,BIS,Commodity Based ETF,
ProShares UltraShort Oil & Gas ETF,DUG,Commodity Based ETF,2
ProShares UltraShort QQQ ETF,QID,Commodity Based ETF,2
ProShares UltraShort Real Estate ETF,SRS,Commodity Based ETF,2
ProShares UltraShort Russell2000 ETF,TWM,Commodity Based ETF,2
ProShares UltraShort S&P500 ETF,SDS,Commodity Based ETF,2
ProShares UltraShort Semiconductors ETF,SSG,Commodity Based ETF,2
ProShares UltraShort Silver ETF,ZSL,Commodity Based ETF,
ProShares UltraShort SmallCap600 ETF,SDD,Commodity Based ETF,1
ProShares UltraShort Technology ETF,REW,Commodity Based ETF,1
ProShares UltraShort Telecommunications ETF,TLL,Commodity Based ETF,
ProShares UltraShort TIPS ETF,TPS,Commodity Based ETF,
ProShares UltraShort Utilities ETF,SDP,Commodity Based ETF,
ProShares UltraShort Yen ETF,YCS,Commodity Based ETF,
ProShares USD Covered Bond,COBO,Commodity Based ETF,
ProShares VIX Mid-Term Futures ETF,VIXM,Commodity Based ETF,
ProShares VIX Short-Term Futures ETF,VIXY,Commodity Based ETF,
PureFunds ISE Cyber Security™ ETF,HACK,Global Equity ETF,
PureFunds ISE Junior Silver Small Cap Miners/Explorers ETF,SILJ,Global Equity ETF,
Pyxis/iBoxx Senior Loan ETF,SNLN,US Equity ETF,
QuantShares Hedged Dividend Income,DIVA,US Equity ETF,
QuantShares U.S. Market Neutral Anti-Beta Fund ETF,BTAL,US Equity ETF,
QuantShares U.S. Market Neutral Momentum Fund ETF,MOM,US Equity ETF,
QuantShares U.S. Market Neutral Size Fund ETF,SIZ,US Equity ETF,
QuantShares U.S. Market Neutral Value Fund ETF,CHEP,US Equity ETF,
Reality Shares DIVS ETF,DIVY,Commodity Based ETF,
Recon Capital DAX Germany ETF,DAX,Global Equity ETF,
Recon Capital NASDAQ 100 Cov Call ETF,QYLD,US Equity ETF,
Renaissance International IPO ETF,IPOS,Global Equity ETF,
Renaissance IPO ETF,IPO,US Equity Income ETF,
REVENUESHARES ADR FUND ETF,RTR,US Equity ETF,
REVENUESHARES FINANCIALS SECTOR FUND ETF,RWW,US Equity ETF,
RevenueShares Global Growth ETF,RGRO,Global Equity ETF,
REVENUESHARES LARGE CAP FUND ETF,RWL,US Equity ETF,1
REVENUESHARES MID CAP FUND ETF,RWK,US Equity ETF,1
REVENUESHARES NAVELLIER OVERALL A-100 FUND ETF,RWV,US Equity ETF,
REVENUESHARES SMALL CAP FUND ETF,RWJ,US Equity ETF,1
RevenueShares Ultra Dividend ETF,RDIV,US Equity Income ETF,
Robo-Stox Glbl Robotics & Automation ETF,ROBO,US Equity Income ETF,
Schwab Emerging Markets Equity ETF,SCHE,Global Equity ETF,
Schwab Fundamental Emerging Markets Large Company Index ETF,FNDE,Global Equity ETF,
Schwab Fundamental International Large Company Index ETF,FNDF,Global Equity ETF,
Schwab Fundamental International Small Cap Company Index ETF,FNDC,Global Equity ETF,
Schwab Fundamental U.S. Broad Market Index ETF,FNDB,US Equity Income ETF,
Schwab Fundamental U.S. Large Company Index ETF,FNDX,US Equity Income ETF,
Schwab Fundamental U.S. Small Company Index ETF,FNDA,US Equity Income ETF,
Schwab Intermediate-Term U.S. Treasury ETF,SCHR,US Fixed Income ETF,
Schwab International Equity ETF,SCHF,Global Equity ETF,
Schwab International Small-Cap Equity ETF,SCHC,Global Equity ETF,
Schwab Short-Term U.S. Treasury ETF,SCHO,US Fixed Income ETF,
Schwab U.S. Aggregate Bond ETF,SCHZ,US Fixed Income ETF,
Schwab U.S. Broad Market ETF,SCHB,US Equity ETF,
Schwab U.S. Dividend Equity ETF,SCHD,US Equity ETF,
Schwab U.S. Large-Cap ETF,SCHX,US Equity ETF,
Schwab U.S. Large-Cap Growth ETF,SCHG,US Equity ETF,
Schwab U.S. Large-Cap Value ETF,SCHV,US Equity ETF,
Schwab U.S. Mid Cap ETF,SCHM,US Equity ETF,
Schwab U.S. REIT ETF,SCHH,US Equity ETF,
Schwab U.S. Small-Cap ETF,SCHA,US Equity ETF,
Schwab U.S. TIPS ETF,SCHP,US Fixed Income ETF,
Sit Rising Rate ETF,RISE,Commodity Based ETF,
SPDR  MSCI USA Quality Mix ETF,QUS,US Equity ETF,
SPDR BarCap ST High Yield Bond ETF,SJNK,US Fixed Income ETF,
SPDR Barclays 0-5 Year TIPS ETF,SIPE,US Fixed Income ETF,
SPDR Barclays 1-10 Year TIPS ETF,TIPX,US Fixed Income ETF,
SPDR Barclays Capital 1-3 Month T-Bill ETF,BIL,US Fixed Income ETF,
SPDR Barclays Capital Aggregate Bond ETF,LAG,US Fixed Income ETF,
SPDR Barclays Capital California Municipal Bond ETF,CXA,US Fixed Income ETF,
SPDR Barclays Capital Convertible Bond ETF,CWB,US Fixed Income ETF,
SPDR Barclays Capital Emerging Markets Local Bond ETF,EBND,US Fixed Income ETF,
SPDR Barclays Capital High Yield Bond ETF,JNK,US Fixed Income ETF,
SPDR Barclays Capital Intermediate Term Credit Bond ETF,ITR,US Fixed Income ETF,
SPDR Barclays Capital Intermediate Term Treasury ETF,ITE,US Fixed Income ETF,
SPDR Barclays Capital International Corporate Bond ETF,IBND,US Fixed Income ETF,
SPDR Barclays Capital International Treasury Bond ETF,BWX,US Fixed Income ETF,
SPDR Barclays Capital Investment Grade Floating Rate ETF,FLRN,Global Fixed Income ETF,
SPDR Barclays Capital Issuer Scored Corporate Bond ETF,CBND,US Fixed Income ETF,
SPDR Barclays Capital Long Term Credit Bond ETF,LWC,US Fixed Income ETF,
SPDR Barclays Capital Long Term Treasury ETF,TLO,US Fixed Income ETF,
SPDR Barclays Capital Mortgage Backed Bond ETF,MBG,US Fixed Income ETF,
SPDR Barclays Capital Municipal Bond ETF,TFI,US Fixed Income ETF,
SPDR Barclays Capital New York Municipal Bond ETF,INY,US Fixed Income ETF,
SPDR Barclays Capital Short Term Corporate Bond ETF,SCPB,US Fixed Income ETF,
SPDR Barclays Capital Short Term International Treasury Bond ETF,BWZ,US Fixed Income ETF,
SPDR Barclays Capital Short Term Municipal Bond ETF,SHM,US Fixed Income ETF,
SPDR Barclays Capital Short Term Treasury ETF,SST,US Fixed Income ETF,
SPDR Barclays Capital TIPS ETF,IPE,US Fixed Income ETF,
SPDR Barclays Intl Hi Yld Bd ETF,IJNK,US Fixed Income ETF,
SPDR Blackstone/GSO Senior Loan ETF,SRLN,US Fixed Income ETF,
SPDR BofA ML Crossover Corp Bond ETF,XOVR,US Fixed Income ETF,
SPDR BofA ML EM Corp Bd ETF,EMCD,US Fixed Income ETF,
SPDR Consumer Discretionary Select Sector Fund ETF,XLY,US Equity ETF,2
SPDR Consumer Staples Select Sector Fund ETF,XLP,US Equity ETF,2
SPDR DB International Government Inflation-Protected Bond ETF,WIP,US Fixed Income ETF,
SPDR DJ EURO STOXX 50 ETF,FEZ,Global Equity ETF,
SPDR DJ Global Titans ETF,DGT,Global Equity ETF,
SPDR DJ STOXX 50 ETF,FEU,Global Equity ETF,
SPDR DoubleLine Total Return Tact ETF,TOTL,Fixed Income ETF,
SPDR Dow Jones Global Real Estate ETF,RWO,Global Equity ETF,
SPDR Dow Jones Industrial Average ETF,DIA,US Equity ETF,2
SPDR Dow Jones International Real Estate ETF,RWX,Global Equity ETF,
SPDR Dow Jones REIT ETF,RWR,US Equity ETF,2
SPDR Energy Select Sector Fund ETF,XLE,US Equity ETF,2
SPDR EURO STOXX Small Cap ETF,SMEZ,Global Equity ETF,
SPDR Financial Select Sector Fund ETF,XLF,US Equity ETF,2
SPDR FTSE/Macquarie Global Infrastructure 100 ETF,GII,Global Equity ETF,
SPDR Gold Shares ETF,GLD,Commodity Based ETF,
SPDR Health Care Select Sector Fund ETF,XLV,US Equity ETF,2
SPDR Industrial Select Sector Fund ETF,XLI,US Equity ETF,2
SPDR KBW Bank ETF,KBE,US Equity ETF,2
SPDR KBW Capital Markets ETF,KCE,US Equity ETF,1
SPDR KBW Insurance ETF,KIE,US Equity ETF,2
SPDR Materials Select Sector Fund ETF,XLB,US Equity ETF,2
SPDR MFS Systematic Core Equity ETF,SYE,US Equity ETF,
SPDR MFS Systematic Growth Equity ETF,SYG,US Equity ETF,
SPDR MFS Systematic Value Equity ETF,SYV,US Equity ETF,
SPDR Morgan Stanley Technology ETF,MTK,US Equity ETF,
SPDR MSCI ACWI ex-US ETF,CWI,Global Equity ETF,
SPDR MSCI ACWI IMI ETF,ACIM,Global Equity ETF,
SPDR MSCI Australia Quality Mix ETF,QAUS,Global Equity ETF,
SPDR MSCI Canada Quality Mix ETF,QCAN,Global Equity ETF,
SPDR MSCI EAFE Quality Mix ETF,QEFA,Global Equity ETF,
SPDR MSCI EM 50 ETF,EMFT,Global Equity ETF,
SPDR MSCI EM Beyond BRIC ETF,EMBB,Global Equity ETF,
SPDR MSCI Emerging Markets Qual Mix ETF,QEMM,Global Equity ETF,
SPDR MSCI Germany Quality Mix ETF,QDEU,Global Equity ETF,
SPDR MSCI Japan Quality Mix ETF,QJPN,Global Equity ETF,
SPDR MSCI Mexico Quality Mix ETF,QMEX,Global Equity ETF,
SPDR MSCI Spain Quality Mix ETF,QESP,Global Equity ETF,
SPDR MSCI United Kingdom Quality Mix ETF,QGBR,Global Equity ETF,
SPDR MSCI World Quality Mix ETF,QWLD,Global Equity ETF,
SPDR Nuveen Barclays Capital Build America Bond ETF,BABS,US Fixed Income ETF,
SPDR Nuveen S&P High Yield Municipal Bond ETF,HYMB,US Fixed Income ETF,
SPDR Russell 1000 ETF,ONEK,US Equity ETF,
SPDR Russell 1000 Low Volatility ETF,LGLV,US Equity ETF,
SPDR Russell 2000 ETF,TWOK,US Equity ETF,
SPDR Russell 2000 Low Volatility ETF,SMLV,US Equity ETF,
SPDR Russell 3000 ETF,THRK,US Equity ETF,
SPDR Russell Small Cap Completeness ETF,RSCO,US Equity ETF,
SPDR Russell/Nomura PRIME Japan ETF,JPP,Global Equity ETF,
SPDR Russell/Nomura Small Cap Japan ETF,JSC,Global Equity ETF,
SPDR S&amp;P Global Dividend ETF,WDIV,Global Equity ETF,
SPDR S&P 1500 Momentum Tilt ETF,MMTM,US Equity ETF,
SPDR S&P 1500 Value Tilt ETF,VLU,US Equity ETF,
SPDR S&P 400 Mid Cap Growth ETF (MDYG) ETF,MDYG,US Equity ETF,
SPDR S&P 400 Mid Cap Value ETF (MDYV) ETF,MDYV,US Equity ETF,
SPDR S&P 500 Buyback ETF,SPYB,US Equity ETF,
SPDR S&P 500 ETF,SPY,US Equity ETF,2
SPDR S&P 500 Growth ETF,SPYG,US Equity ETF,
SPDR S&P 500 Value ETF (SPYV) ETF,SPYV,US Equity ETF,
SPDR S&P 600 Small Cap ETF (SLY) ETF,SLY,US Equity ETF,
SPDR S&P 600 Small Cap Growth ETF,SLYG,US Equity ETF,
SPDR S&P 600 Small Cap Value ETF (SLYV) ETF,SLYV,US Equity ETF,
SPDR S&P Aerospace & Defense ETF,XAR,US Equity ETF,
SPDR S&P Biotech ETF,XBI,US Equity ETF,1
SPDR S&P BRIC 40 ETF,BIK,Global Equity ETF,
SPDR S&P China ETF,GXC,Global Equity ETF,
SPDR S&P Dividend ETF,SDY,US Equity ETF,2
SPDR S&P Emerging Asia Pacific ETF,GMF,Global Equity ETF,
SPDR S&P Emerging Europe ETF,GUR,Global Equity ETF,
SPDR S&P Emerging Latin America ETF,GML,Global Equity ETF,
SPDR S&P Emerging Markets Dividend ETF,EDIV,Global Equity ETF,
SPDR S&P Emerging Markets ETF,GMM,Global Equity ETF,
SPDR S&P Emerging Markets Small Cap ETF,EWX,Global Equity ETF,
SPDR S&P Emerging Middle East & Africa ETF,GAF,Global Equity ETF,
SPDR S&P Global Natural Resources ETF,GNR,Global Equity ETF,
SPDR S&P Health Care Services ETF,XHS,US Equity ETF,
SPDR S&P Healthcare Equipment ETF,XHE,US Equity ETF,
SPDR S&P Homebuilders ETF,XHB,US Equity ETF,2
SPDR S&P International Consumer Discretionary Sector ETF,IPD,Global Equity ETF,
SPDR S&P International Consumer Staples Sector ETF,IPS,Global Equity ETF,
SPDR S&P International Dividend ETF,DWX,Global Equity ETF,
SPDR S&P International Energy Sector ETF,IPW,Global Equity ETF,
SPDR S&P International Financial Sector ETF,IPF,Global Equity ETF,
SPDR S&P International Health Care Sector ETF,IRY,Global Equity ETF,
SPDR S&P International Industrial Sector ETF,IPN,Global Equity ETF,
SPDR S&P International Materials Sector ETF,IRV,Global Equity ETF,
SPDR S&P International Mid Cap ETF,MDD,Global Equity ETF,
SPDR S&P International Small Cap ETF,GWX,Global Equity ETF,
SPDR S&P International Technology Sector ETF,IPK,Global Equity ETF,
SPDR S&P International Telecommunications Sector ETF,IST,Global Equity ETF,
SPDR S&P International Utilities Sector ETF,IPU,Global Equity ETF,
SPDR S&P Metals and Mining ETF,XME,US Equity ETF,2
SPDR S&P MidCap 400 ETF,MDY,US Equity ETF,2
SPDR S&P Oil & Gas Equipment & Services ETF,XES,US Equity ETF,1
SPDR S&P Oil & Gas Exploration & Production ETF,XOP,US Equity ETF,2
SPDR S&P Pharmaceuticals ETF,XPH,US Equity ETF,1
SPDR S&P Regional Banking ETF,KRE,US Equity ETF,2
SPDR S&P Retail ETF,XRT,US Equity ETF,2
SPDR S&P Russia ETF,RBL,Global Equity ETF,
SPDR S&P Semiconductor ETF,XSD,US Equity ETF,1
SPDR S&P Software & Services ETF,XSW,US Equity ETF,
SPDR S&P Telecom ETF,XTL,US Equity ETF,
SPDR S&P Transportation ETF,XTN,US Equity ETF,
SPDR S&P World ex-US ETF,GWL,Global Equity ETF,
SPDR SSgA Global Allocation ETF,GAL,US Asset Allocation ETF,
SPDR SSgA Income Allocation ETF,INKM,US Asset Allocation ETF,
SPDR SSgA Multi-Asset Real Return ETF,RLY,US Asset Allocation ETF,
SPDR SSgA Ultra Short Term Bond ETF,ULST,US Fixed Income ETF,
SPDR Technology Select Sector Fund ETF,XLK,US Equity ETF,2
SPDR Utilities Select Sector Fund ETF,XLU,US Equity ETF,2
SPDR Wells Fargo Preferred Stock ETF,PSK,US Equity Income ETF,
SPDR® MSCI ACWI Low Carbon Target ETF,LOWC,Global Equity ETF,
SPDR® MSCI South Korea Quality Mix ETF,QKOR,Global Equity ETF,
SPDR® MSCI Taiwan Quality Mix ETF,QTWN,Global Equity ETF,
SPDR® SSgA Risk Aware ETF,RORO,US Equity ETF,
Sprott Gold Miners ETF,SGDM,Global Equity ETF,
Sprott Junior Gold Miners ETF,SGDJ,Global Equity ETF,
Teucrium Agricultural ETF,TAGS,Commodity Based ETF,
Teucrium CANE Fund ETF,CANE,Commodity Based ETF,
Teucrium Corn Fund ETF,CORN,Commodity Based ETF,
Teucrium Soybean Fund ETF,SOYB,Commodity Based ETF,
Teucrium Wheat Fund ETF,WEAT,Commodity Based ETF,
Tuttle Tactical Management US Core ETF,TUTT,Asset Allocation ETF,
TWM Funds Deep Value ETF,DVP,US Equity ETF,
United States 12 Month Natural Gas Fund LP ETF,UNL,Commodity Based ETF,
United States 12 Month Oil ETF,USL,Commodity Based ETF,
United States Agriculture Index ETF,USAG,Commodity Based ETF,
United States Brent Oil Fund LP ETF,BNO,Commodity Based ETF,
United States Commodity Index Fund ETF,USCI,Commodity Based ETF,
United States Copper ETF,CPER,Commodity Based ETF,
United States Gasoline Fund LP ETF,UGA,Commodity Based ETF,
United States Heating Oil Fund LP ETF,UHN,Commodity Based ETF,
United States Natural Gas Fund LP ETF,UNG,Commodity Based ETF,
United States Oil Fund ETF,USO,Commodity Based ETF,
United States Short Oil Fund LP ETF,DNO,Commodity Based ETF,
US Global Jets ETF,JETS,Global Equity ETF,
USCF Stock Split Index ETF,TOFR,US Equity ETF,
Validea Market Legends ETF,VALX,US Equity ETF,
ValueShares International Quant Val ETF,IVAL,US Equity ETF,
ValueShares US Quantitative Value ETF,QVAL,US Equity ETF,
Vanguard Consumer Discretion ETF - DNQ ETF,VCR,US Equity ETF,
Vanguard Consumer Staples ETF - DNQ ETF,VDC,US Equity ETF,
Vanguard Div Appreciation ETF - DNQ ETF,VIG,US Equity ETF,
Vanguard Emerg Mkts Govt Bd Idx ETF,VWOB,US Fixed Income ETF,
Vanguard Emerging Markets ETF,VWO,Global Equity ETF,
Vanguard Energy ETF,VDE,US Equity ETF,
Vanguard Europe Pacific ETF,VEA,Global Equity ETF,
Vanguard European ETF,VGK,Global Equity ETF,
Vanguard Extended Duration Treasury ETF,EDV,US Fixed Income ETF,
Vanguard Extended Market ETF,VXF,US Equity ETF,
Vanguard Financials ETF - DNQ ETF,VFH,US Equity ETF,
Vanguard FTSE All World Ex US ETF,VEU,Global Equity ETF,
Vanguard FTSE All-World ex-US Small-Cap ETF,VSS,Global Equity ETF,
Vanguard Global ex-U.S. Real Estate ETF,VNQI,Global Equity ETF,
Vanguard Growth ETF,VUG,US Equity ETF,
Vanguard Health Care ETF - DNQ ETF,VHT,US Equity ETF,
Vanguard High Dividend Yield ETF,VYM,US Equity ETF,
Vanguard Industrials ETF - DNQ ETF,VIS,US Equity ETF,
Vanguard Information Tech ETF - DNQ ETF,VGT,US Equity ETF,
Vanguard Intermediate-Term Bond ETF,BIV,US Fixed Income ETF,
Vanguard Intermediate-Term Corporate Bond ETF,VCIT,US Fixed Income ETF,
Vanguard Intermediate-Term Government Bond ETF,VGIT,US Fixed Income ETF,
Vanguard Large-Cap ETF,VV,US Equity ETF,
Vanguard Long-Term Bond ETF,BLV,US Fixed Income ETF,
Vanguard Long-Term Corporate Bond ETF,VCLT,US Fixed Income ETF,
Vanguard Long-Term Government Bond ETF,VGLT,US Fixed Income ETF,
Vanguard Materials ETF - DNQ ETF,VAW,US Equity ETF,
Vanguard Mega Cap 300 ETF,MGC,US Equity ETF,
Vanguard Mega Cap 300 Growth ETF,MGK,US Equity ETF,
Vanguard Mega Cap 300 Value ETF,MGV,US Equity ETF,
Vanguard Mid-Cap ETF,VO,US Equity ETF,
Vanguard Mid-Cap Growth ETF,VOT,US Equity ETF,
Vanguard Mid-Cap Value ETF,VOE,US Equity ETF,
Vanguard Mortgage-Backed Securities ETF,VMBS,US Fixed Income ETF,
Vanguard Pacific ETF,VPL,Global Equity ETF,
Vanguard REIT ETF - DNQ ETF,VNQ,US Equity ETF,
Vanguard Russell 1000 ETF,VONE,US Equity ETF,
Vanguard Russell 1000 Growth ETF,VONG,US Equity ETF,
Vanguard Russell 1000 Value ETF,VONV,US Equity ETF,
Vanguard Russell 2000 ETF,VTWO,US Equity ETF,
Vanguard Russell 2000 Growth ETF,VTWG,US Equity ETF,
Vanguard Russell 2000 Value ETF,VTWV,US Equity ETF,
Vanguard Russell 3000 ETF,VTHR,US Equity ETF,
Vanguard S&P 500 ETF,VOO,US Equity ETF,
Vanguard S&P 500 Growth ETF,VOOG,US Equity ETF,
Vanguard S&P 500 Value ETF,VOOV,US Equity ETF,
Vanguard S&P Mid-Cap 400 ETF,IVOO,US Equity ETF,
Vanguard S&P Mid-Cap 400 Growth ETF,IVOG,US Equity ETF,
Vanguard S&P Mid-Cap 400 Value ETF,IVOV,US Equity ETF,
Vanguard S&P Small-Cap 600 ETF,VIOO,US Equity ETF,
Vanguard S&P Small-Cap 600 Growth ETF,VIOG,US Equity ETF,
Vanguard S&P Small-Cap 600 Value ETF,VIOV,US Equity ETF,
Vanguard Short-Term Bond ETF,BSV,US Fixed Income ETF,
Vanguard Short-Term Corporate Bond ETF,VCSH,US Fixed Income ETF,
Vanguard Short-Term Government Bond ETF,VGSH,US Fixed Income ETF,
Vanguard Shrt-Term Infl-Prot Sec Idx ETF,VTIP,US Fixed Income ETF,
Vanguard Small-Cap ETF,VB,US Equity ETF,
Vanguard Small-Cap Growth ETF,VBK,US Equity ETF,
Vanguard Small-Cap Value ETF,VBR,US Equity ETF,
Vanguard Telecom ETF - DNQ ETF,VOX,US Equity ETF,
Vanguard Total Bond Market ETF,BND,US Fixed Income ETF,
Vanguard Total International Stock ETF,VXUS,Global Equity ETF,
Vanguard Total Intl Bd Idx ETF,BNDX,US Fixed Income ETF,
Vanguard Total Stock Market ETF,VTI,US Equity ETF,
Vanguard Total World Stock ETF,VT,Global Equity ETF,
Vanguard Utilities ETF - DNQ ETF,VPU,US Equity ETF,
Vanguard Value ETF,VTV,US Equity ETF,
VelocityShares Equal Risk Wtd Lg Cp ETF,ERW,US Equity ETF,
VelocityShares Tail Risk Hdgd Lg Cp ETF,TRSK,US Equity Income ETF,
VelocityShares Volatility Hdgd Lg Cp ETF,SPXH,US Equity Income ETF,
Vident Core US Bond Strategy ETF,VBND,US Fixed Income ETF,
Vident Core US Equity,VUSE,Global Equity ETF,
Vident International Equity ETF,VIDI,Global Equity ETF,
WBI Large Cap Tactical Growth Shares ETF,WBIE,US Equity ETF,
WBI Large Cap Tactical Select Shares ETF,WBIL,US Equity ETF,
WBI Large Cap Tactical Value Shares ETF,WBIF,US Equity ETF,
WBI Large Cap Tactical Yield Shares ETF,WBIG,US Equity ETF,
WBI SMID Tactical Growth Shares ETF,WBIA,US Equity ETF,
WBI SMID Tactical Select Shares ETF,WBID,US Equity ETF,
WBI SMID Tactical Value Shares ETF,WBIB,US Equity ETF,
WBI SMID Tactical Yield Shares ETF,WBIC,US Equity ETF,
WBI Tactical High Income Shares ETF,WBIH,US Equity ETF,
WBI Tactical Income Shares ETF,WBII,US Equity ETF,
WisdomTree Asia Local Debt Fund ETF,ALD,Commodity Based ETF,
WisdomTree Asia Pacific ex-Japan Fund ETF,AXJL,Global Equity ETF,
WisdomTree Australia & New Zealand Debt Fund,AUNZ,US Fixed Income ETF,
WisdomTree Australia Dividend Fund ETF,AUSE,Global Equity ETF,
WisdomTree Barclays US Aggt Bd Ngt Dur,AGND,US Fixed Income ETF,
WisdomTree Barclays US Aggt Bd Zero Dur,AGZD,US Fixed Income ETF,
WisdomTree Bloomberg Floating Rt Trs,USFR,US Fixed Income ETF,
WisdomTree Bloomberg USD Bullish,USDU,Commodity Based ETF,
WisdomTree BofA Merrill Lynch HY Bd Ngt,HYND,US Fixed Income ETF,
WisdomTree BofA Merrill Lynch HY Bd Zero,HYZD,US Fixed Income ETF,
WisdomTree China Dividend ex-Fincls ETF,CHXF,US Fixed Income ETF,
WisdomTree Commodity Country Equity Fund ETF,CCXE,Global Equity ETF,
WisdomTree DEFA Fund ETF,DWM,Global Equity ETF,
WisdomTree DEFA High-Yielding Equity Fund ETF,DTH,Global Equity ETF,
WisdomTree Dividend Top 100 Fund ETF,DTN,US Equity ETF,1
WisdomTree Dreyfus Brazilian Real Fund ETF,BZF,Commodity Based ETF,
WisdomTree Dreyfus Chinese Yuan Fund ETF,CYB,Commodity Based ETF,
WisdomTree Dreyfus Commodity Currency Fund ETF,CCX,Commodity Based ETF,
WisdomTree Dreyfus Emerging Currency ETF,CEW,Commodity Based ETF,
WisdomTree Dreyfus Indian Rupee Fund ETF,ICN,Commodity Based ETF,
WisdomTree Earnings 500 Fund ETF,EPS,US Equity ETF,
WisdomTree EM Consumer Growth Fund ETF,EMCG,Global Equity ETF,
WisdomTree Emer Mkts Corporate Bond ETF,EMCB,US Fixed Income ETF,
WisdomTree Emerging Market SmallCap Fund ETF,DGS,Global Equity ETF,
WisdomTree Emerging Markets High-Yielding Fund ETF,DEM,Global Equity ETF,
WisdomTree Emerging Markets Local Debt Fund ETF,ELD,Global Fixed Income ETF,
WisdomTree Emerging Mkts Dividend Gr ETF,DGRE,Global Equity ETF,
WisdomTree EmMkts ex-Stt-Ownd EntrprsETF,XSOE,Global Equity ETF,
WisdomTree Europe Dividend Growth ETF,EUDG,Global Equity ETF,
WisdomTree Europe Hedged SmallCap Eq ETF,EUSC,Commodity Based ETF,
WisdomTree Europe SmallCap Dividend Fund ETF,DFE,Global Equity ETF,
WisdomTree Germany Hedged Equity Fund ETF,DXGE,Global Equity ETF,
WisdomTree Global Equity Income Fund,DEW,Global Equity ETF,
WisdomTree Global ex-U.S. Growth Fund ETF,DNL,Global Equity ETF,
WisdomTree Global ex-U.S. Real Estate Fund ETF,DRW,Global Equity ETF,
WisdomTree Global ex-U.S. Utility Fund ETF,DBU,Global Equity ETF,
WisdomTree Global Natural Resources Fund ETF,GNAT,Global Equity ETF,
WisdomTree Global Real Return Fund ETF,RRF,Commodity Based ETF,
WisdomTree High-Yielding Equity Fund ETF,DHS,US Equity ETF,2
WisdomTree India Earnings Fund ETF,EPI,Global Equity ETF,
WisdomTree International Dividend Top 100 Fund ETF,DOO,Global Equity ETF,
WisdomTree International Hdgd Div Gr ETF,IHDG,Commodity Based ETF,
WisdomTree International Hedged Equity Fund ETF,HEDJ,Global Equity ETF,
WisdomTree International LargeCap Dividend Fund ETF,DOL,Global Equity ETF,
WisdomTree International MidCap Dividend Fund ETF,DIM,Global Equity ETF,
WisdomTree International SmallCap Fund ETF,DLS,Global Equity ETF,
WisdomTree Japan Hedged Capital Goods ETF,DXJC,Global Equity ETF,
WisdomTree Japan Hedged Dividend Gr ETF,JHDG,Commodity Based ETF,
WisdomTree Japan Hedged Financials ETF,DXJF,Global Equity ETF,
WisdomTree Japan Hedged Health Care ETF,DXJH,Global Equity ETF,
WisdomTree Japan Hedged Real Estate ETF,DXJR,Global Equity ETF,
WisdomTree Japan Hedged SmallCap Equity ETF,DXJS,Global Equity ETF,
WisdomTree Japan Hedged Tech Media & Telec ETF,DXJT,Global Equity ETF,
WisdomTree Japan Interest Rate Strat,JGBB,US Fixed Income ETF,
WisdomTree Japan SmallCap Fund ETF,DFJ,Global Equity ETF,
WisdomTree Japan Total Dividend Fund ETF,DXJ,Global Equity ETF,
WisdomTree Korea Hedged Equity ETF,DXKW,Global Equity ETF,
WisdomTree LargeCap Dividend Fund ETF,DLN,Global Equity ETF,2
WisdomTree Low P/E Fund ETF,EZY,Global Equity ETF,
WisdomTree Managed Futures Strategy Fund ETF,WDTI,Commodity Based ETF,
WisdomTree MidCap Dividend Fund ETF,DON,US Equity ETF,1
WisdomTree MidCap Earnings Fund ETF,EZM,US Equity ETF,
WisdomTree Middle East Dividend ETF,GULF,Global Equity ETF,
WisdomTree SmallCap Earnings Fund ETF,EES,US Equity ETF,
WisdomTree Total Dividend Fund ETF,DTD,US Equity ETF,
WisdomTree Total Earnings Fund ETF,EXT,US Equity ETF,
WisdomTree Trust SmallCap Dividend Fund ETF,DES,US Equity ETF,1
WisdomTree Trust WisdomTree Strategic Corporate Bond Fund,CRDT,US Fixed Income ETF,
WisdomTree United Kingdom Hedged Equity ETF,DXPS,Global Equity ETF,
WisdomTree US Dividend Growth,DGRW,US Equity ETF,
WisdomTree US SmallCap Dividend Growth ETF,DGRS,US Equity ETF,
YieldShares High Income ETF,YYY,US Fixed Income ETF,
Yorkville High Income Infras MLP ETF,YMLI,US Equity Income ETF,
Yorkville High Income MLP ETF,YMLP,US Equity Income ETF,
